USE practice_Trek;

SET IDENTITY_INSERT dbo.Tires ON;

INSERT INTO dbo.Tires(tireId,tireName,tireDescription,tireQuantity) VALUES(1,  'Bontrager XR2 Comp',					'27.5"х2.20", задня 29"х2.00"', 59)
INSERT INTO dbo.Tires(tireId,tireName,tireDescription,tireQuantity) VALUES(2,  'Maxxis Ardent Race',					'Tubeless, EXO casing, кевларовий корд, 60 tpi, 29"x2.20"', 46)
INSERT INTO dbo.Tires(tireId,tireName,tireDescription,tireQuantity) VALUES(3,  'Bontrager XT3 Comp',					'30 tpi, 29"x 2.40"', 55)
INSERT INTO dbo.Tires(tireId,tireName,tireDescription,tireQuantity) VALUES(4,  'Bontrager XR4 Team Issue',			'Tubeless Ready, підсилені боковини Inner Strength, корд з араміду, 29"x2.60"', 26)
INSERT INTO dbo.Tires(tireId,tireName,tireDescription,tireQuantity) VALUES(5,  'Bontrager XR2 Team Issue',			'Tubeless Ready, підсилені боковини Inner Strength, корд з араміду, 29"x2.20"', 69)
INSERT INTO dbo.Tires(tireId,tireName,tireDescription,tireQuantity) VALUES(6,  'Bontrager Barbegazi Team Issue',		'Tubeless Ready, підсилені боковини Inner Strength, корд з араміду, 27.5"x4.50"', 85)
INSERT INTO dbo.Tires(tireId,tireName,tireDescription,tireQuantity) VALUES(7,  'Bontrager XR4 Team Issue',				'Tubeless Ready, підсилені боковини Inner Strength, корд з араміду, 29"x2.40"', 78)
INSERT INTO dbo.Tires(tireId,tireName,tireDescription,tireQuantity) VALUES(8,  'Bontrager XR4 Comp',					'29"x2.60"', 14)
INSERT INTO dbo.Tires(tireId,tireName,tireDescription,tireQuantity) VALUES(9,  'Bontrager XR5 Team Issue',				'Tubeless Ready, підсилені боковини Inner Strength, корд з араміду, 29"x2.50"', 44)
INSERT INTO dbo.Tires(tireId,tireName,tireDescription,tireQuantity) VALUES(10, 'Bontrager SE5 Team Issue',				'Tubeless Ready, підсилені боковини Inner Strength, корд з араміду, 29"x2.50"', 75)
INSERT INTO dbo.Tires(tireId,tireName,tireDescription,tireQuantity) VALUES(11, 'Bontrager G5 Team Issue',				'60 tpi, 29"x2.50"', 58)
INSERT INTO dbo.Tires(tireId,tireName,tireDescription,tireQuantity) VALUES(12, 'Bontrager XR1 Team Issue',				'Tubeless Ready, підсилені боковини Inner Strength 120 tpi, корд з араміду, 29"x2.20"', 56)
INSERT INTO dbo.Tires(tireId,tireName,tireDescription,tireQuantity) VALUES(13, 'Bontrager R3 Hard-Case Lite',			'Tubeless Ready, 120 tpi, корд з араміду, 700x25c', 53)
INSERT INTO dbo.Tires(tireId,tireName,tireDescription,tireQuantity) VALUES(14, 'Bontrager R4 320',						'700x25c', 57)
INSERT INTO dbo.Tires(tireId,tireName,tireDescription,tireQuantity) VALUES(15, 'Bontrager R4 320 Handmade Clincher',	'Hard-Case Lite, 320 tpi, корд з араміду, 700x25c', 95)
INSERT INTO dbo.Tires(tireId,tireName,tireDescription,tireQuantity) VALUES(16, 'Bontrager R1 Hard-Case Lite',			'700x32c (max. 35 мм)', 98)
INSERT INTO dbo.Tires(tireId,tireName,tireDescription,tireQuantity) VALUES(17, 'Bontrager GR1 Team Issue',				'Tubeless Ready, підсилені боковини Inner Strength, корд з араміду, 120 tpi, 700x40c (max. 45c)', 92)
INSERT INTO dbo.Tires(tireId,tireName,tireDescription,tireQuantity) VALUES(18, 'Bontrager CX3 Team Issue',				'корд з араміду, 700x32c', 78)
INSERT INTO dbo.Tires(tireId,tireName,tireDescription,tireQuantity) VALUES(19, 'Bontrager H1 Hard-case Ultimate',		'700x38c', 82)
INSERT INTO dbo.Tires(tireId,tireName,tireDescription,tireQuantity) VALUES(20, 'Bontrager GR1 Expert',					'Hard-Case Lite, 700x40c', 85)
INSERT INTO dbo.Tires(tireId,tireName,tireDescription,tireQuantity) VALUES(21, 'Bontrager XR2',						'Tubeless Ready, підсилені боковини Inner Strength, корд з араміду, 29x3.00"', 86)
INSERT INTO dbo.Tires(tireId,tireName,tireDescription,tireQuantity) VALUES(22, 'Bontrager GR0 Comp',					'60tpi, 650x50c (max.27.5x2.0")', 84)
INSERT INTO dbo.Tires(tireId,tireName,tireDescription,tireQuantity) VALUES(23, 'Bontrager GR1 Comp',					'корд з араміду, 700x40c', 79)
INSERT INTO dbo.Tires(tireId,tireName,tireDescription,tireQuantity) VALUES(24, 'Bontrager Н2 Comp',					'700x35c', 35)

SET IDENTITY_INSERT dbo.Tires OFF;  

SET IDENTITY_INSERT dbo.Rims ON;  

INSERT INTO dbo.Rims(rimId, rimName, rimDescription, rimQuantity) VALUES(1 ,'Bontrager Connection',			 '32 отв, подвійні', 65)
INSERT INTO dbo.Rims(rimId, rimName, rimDescription, rimQuantity) VALUES(2 ,'Bontrager Kovee',				 'Tubeless Ready, подвійні, 28 отв.', 45)
INSERT INTO dbo.Rims(rimId, rimName, rimDescription, rimQuantity) VALUES(3 ,'Bontrager Line Comp 30',			 'Tubeless Ready, 28 отв.', 34)
INSERT INTO dbo.Rims(rimId, rimName, rimDescription, rimQuantity) VALUES(4 ,'Bontrager Kovee Comp 23',		 'Tubeless Ready, подвійні, 28 отв.', 32)
INSERT INTO dbo.Rims(rimId, rimName, rimDescription, rimQuantity) VALUES(5 ,'Bontrager Kovee Elite 23 Carbon', 'Tubeless Ready, подвійні, 28 отв.', 87)
INSERT INTO dbo.Rims(rimId, rimName, rimDescription, rimQuantity) VALUES(6 ,'SUNringle Mulefut 80 SL',		 '32 отв.', 67)
INSERT INTO dbo.Rims(rimId, rimName, rimDescription, rimQuantity) VALUES(7 ,'Alex MD35',						 'Tubeless Ready, 32 отв.', 76)
INSERT INTO dbo.Rims(rimId, rimName, rimDescription, rimQuantity) VALUES(8 ,'Bontrager Line Elite 30',		 'OCLV Mountain Carbon, Tubeless Ready, 28 отв.', 45)
INSERT INTO dbo.Rims(rimId, rimName, rimDescription, rimQuantity) VALUES(9 ,'Bontrager Line Pro 30',			 'OCLV Mountain Carbon, Tubeless Ready, 28 отв.', 54)
INSERT INTO dbo.Rims(rimId, rimName, rimDescription, rimQuantity) VALUES(10,'Bontrager Line Comp 30',			 'OCLV Mountain Carbon, Tubeless Ready, 28 отв.', 90)
INSERT INTO dbo.Rims(rimId, rimName, rimDescription, rimQuantity) VALUES(11,'Bontrager Line DH 30',			 'Tubeless Ready, 32 отв.', 99)
INSERT INTO dbo.Rims(rimId, rimName, rimDescription, rimQuantity) VALUES(12,'Bontrager Kovee Elite 30 Carbon', 'Tubeless Ready, 28 отв.', 78)
INSERT INTO dbo.Rims(rimId, rimName, rimDescription, rimQuantity) VALUES(13,'Bontrager Kovee Pro 30',			 'OCLV Mountain Carbon, Tubeless Ready', 65)
INSERT INTO dbo.Rims(rimId, rimName, rimDescription, rimQuantity) VALUES(14,'Bontrager Kovee RSL',			 'OCLV Mountain Carbon, Tubeless Ready', 56)
INSERT INTO dbo.Rims(rimId, rimName, rimDescription, rimQuantity) VALUES(15,'Bontrager Aeolus Elite 50',		 'OCLV Carbon, Tubeless Ready', 43)
INSERT INTO dbo.Rims(rimId, rimName, rimDescription, rimQuantity) VALUES(16,'Bontrager Aeolus Pro 51',		 'OCLV Carbon, Tubeless Ready', 23)
INSERT INTO dbo.Rims(rimId, rimName, rimDescription, rimQuantity) VALUES(17,'Bontrager Aeolus RSL 51',		 'OCLV Carbon, Tubeless Ready', 21)
INSERT INTO dbo.Rims(rimId, rimName, rimDescription, rimQuantity) VALUES(18,'Bontrager Aeolus RSL 37',		 'OCLV Carbon, Tubeless Ready', 56)
INSERT INTO dbo.Rims(rimId, rimName, rimDescription, rimQuantity) VALUES(19,'Bontrager Affinity Disc',		 'Tubeless Ready, 24 отв., ширина 21 мм', 23)
INSERT INTO dbo.Rims(rimId, rimName, rimDescription, rimQuantity) VALUES(20,'Bontrager Paradigm SL',			 'Tubeless Ready, 24 отв.', 59)
INSERT INTO dbo.Rims(rimId, rimName, rimDescription, rimQuantity) VALUES(21,'Bontrager Paradigm Comp 25',		 'Tubeless Ready, 24 отв.', 67)
INSERT INTO dbo.Rims(rimId, rimName, rimDescription, rimQuantity) VALUES(22,'Bontrager Aeolus Pro 37',		 'OCLV Carbon, Tubeless Ready', 69)
INSERT INTO dbo.Rims(rimId, rimName, rimDescription, rimQuantity) VALUES(23,'Bontrager Aeolus Pro 3V',		 'OCLV Carbon, Tubeless Ready', 15)
INSERT INTO dbo.Rims(rimId, rimName, rimDescription, rimQuantity) VALUES(24,'Bontrager Paradigm',				 'Tubeless Ready, 24 отв.', 12)
INSERT INTO dbo.Rims(rimId, rimName, rimDescription, rimQuantity) VALUES(25,'Bontrager Aeolus RSL 37V',		 'OCLV Carbon, Tubeless Ready', 2)
INSERT INTO dbo.Rims(rimId, rimName, rimDescription, rimQuantity) VALUES(26,'SUNringle Duroc 50 SL',			 '32 отв.', 32)
INSERT INTO dbo.Rims(rimId, rimName, rimDescription, rimQuantity) VALUES(27,'Bontrager Tubeless Ready Disc',	 '32 отв.', 16)

SET IDENTITY_INSERT dbo.Rims OFF;

SET IDENTITY_INSERT dbo.Hubs ON;		

INSERT INTO dbo.Hubs(hubId, hubName, hubDescription, hubQuantity) VALUES(1 ,'Formula'  ,			 'DC20 (перед.) / DC31 (зад.)', 59)
INSERT INTO dbo.Hubs(hubId, hubName, hubDescription, hubQuantity) VALUES(2 ,'Formula'  ,			 'DC20 (перед.) / DC22 (зад.)', 45)
INSERT INTO dbo.Hubs(hubId, hubName, hubDescription, hubQuantity) VALUES(3 ,'Formula'  ,			 'DC-20 LW (перед.) / DC22 LW (зад.)', 43)
INSERT INTO dbo.Hubs(hubId, hubName, hubDescription, hubQuantity) VALUES(4 ,'Bontrager',			 'пром. підшипник, Boost 110 (перед.) / Boost141 (зад.)', 12)
INSERT INTO dbo.Hubs(hubId, hubName, hubDescription, hubQuantity) VALUES(5 ,'Shimano'  ,			 'MT400, Boost110, вісь Bontrager Switch 15 мм (перед.) / MT510, Boost148, вісь Bontrager Switch 12 мм (зад.)', 65)
INSERT INTO dbo.Hubs(hubId, hubName, hubDescription, hubQuantity) VALUES(6 ,'Bontrager, Shimano',	 'алюм., пром. підшипник, Boost 110, пола вісь 15 мм (перед.) / алюм., пром. підшипник, Shimano MicroSpline, Boost 148, пола вісь 12 мм (зад.)', 54)
INSERT INTO dbo.Hubs(hubId, hubName, hubDescription, hubQuantity) VALUES(7 ,'Bontrager',			 'Rapid Drive 108 (перед.) / Rapid Boost148 (зад.)', 23)
INSERT INTO dbo.Hubs(hubId, hubName, hubDescription, hubQuantity) VALUES(8 ,'Bontrager , SRAM',    'Rapid Drive 108, пола вісь 15 мм (перед.) / XD11 Boost148, пола вісь 12 мм (зад.)', 35)
INSERT INTO dbo.Hubs(hubId, hubName, hubDescription, hubQuantity) VALUES(9 ,'Bontrager',			 'пром. підшипник, 150x15 (перед.) / пром. підшипник, 108 Rapid Drive, 197x12 (зад.)', 48)
INSERT INTO dbo.Hubs(hubId, hubName, hubDescription, hubQuantity) VALUES(10,'Bontrager',			 '108 Rapid Drive 110x20 (перед.) / 108 Rapid Drive, 157x12 (зад.)', 85)
INSERT INTO dbo.Hubs(hubId, hubName, hubDescription, hubQuantity) VALUES(11,'Bontrager',			 'на осях 100х12 (перед.) / 142х12 (зад.)', 98)
INSERT INTO dbo.Hubs(hubId, hubName, hubDescription, hubQuantity) VALUES(12,'Bontrager , SRAM',	 'на осях 100х12 (перед.) / SRAM XD-R 142х12 (зад.)', 64)
INSERT INTO dbo.Hubs(hubId, hubName, hubDescription, hubQuantity) VALUES(13,'Bontrager , Shimano', 'на осях 100х12 (перед.) / Shimano 142х12 (зад.)', 13)
INSERT INTO dbo.Hubs(hubId, hubName, hubDescription, hubQuantity) VALUES(14,'Formula'  ,			 'на осях RX-512 100х12 (перед.) / RX-142 142х12 (зад.)', 38)
INSERT INTO dbo.Hubs(hubId, hubName, hubDescription, hubQuantity) VALUES(15,'Bontrager',			 'на осях centerlock 100х12 (перед.) / 142х12 (зад.)', 39)
INSERT INTO dbo.Hubs(hubId, hubName, hubDescription, hubQuantity) VALUES(16,'Shimano'  ,			 'M475, 100x5 QR, Trek ThruSkew (перед.) / M475, 135x5 QR (зад.)', 60)
									   
SET IDENTITY_INSERT dbo.Hubs OFF;  

SET IDENTITY_INSERT dbo.Wheelsets ON;		

INSERT INTO dbo.Wheelsets(wheelsetId, hubId, rimId, tireId) VALUES(1  , 1    , 1	 , 1)
INSERT INTO dbo.Wheelsets(wheelsetId, hubId, rimId, tireId) VALUES(2  , 2    , 1	 , 1)
INSERT INTO dbo.Wheelsets(wheelsetId, hubId, rimId, tireId) VALUES(3  , 2    , 2	 , 1)
INSERT INTO dbo.Wheelsets(wheelsetId, hubId, rimId, tireId) VALUES(4  , 2    , 2	 , 2)
INSERT INTO dbo.Wheelsets(wheelsetId, hubId, rimId, tireId) VALUES(5  , 2    , 2	 , 3)
INSERT INTO dbo.Wheelsets(wheelsetId, hubId, rimId, tireId) VALUES(6  , 3    , 2	 , 2)
INSERT INTO dbo.Wheelsets(wheelsetId, hubId, rimId, tireId) VALUES(7  , 4    , 2	 , 2)
INSERT INTO dbo.Wheelsets(wheelsetId, hubId, rimId, tireId) VALUES(8  , 5    , 3	 , 4)
INSERT INTO dbo.Wheelsets(wheelsetId, hubId, rimId, tireId) VALUES(9  , 4    , 3	 , 4)
INSERT INTO dbo.Wheelsets(wheelsetId, hubId, rimId, tireId) VALUES(10 , 4    , 3	 , 4)
INSERT INTO dbo.Wheelsets(wheelsetId, hubId, rimId, tireId) VALUES(11 , 6    , 3	 , 5)
INSERT INTO dbo.Wheelsets(wheelsetId, hubId, rimId, tireId) VALUES(12 , 7    , 4	 , 5)
INSERT INTO dbo.Wheelsets(wheelsetId, hubId, rimId, tireId) VALUES(13 , 8    , 5	 , 5)
INSERT INTO dbo.Wheelsets(wheelsetId, hubId, rimId, tireId) VALUES(14 , 9    , 6	 , 6)
INSERT INTO dbo.Wheelsets(wheelsetId, hubId, rimId, tireId) VALUES(15 , 5    , 7	 , 7)
INSERT INTO dbo.Wheelsets(wheelsetId, hubId, rimId, tireId) VALUES(16 , 4    , 3	 , 7)
INSERT INTO dbo.Wheelsets(wheelsetId, hubId, rimId, tireId) VALUES(17 , 7    , 8	 , 7)
INSERT INTO dbo.Wheelsets(wheelsetId, hubId, rimId, tireId) VALUES(18 , 7    , 9	 , 7)
INSERT INTO dbo.Wheelsets(wheelsetId, hubId, rimId, tireId) VALUES(19 , 7    , 7	 , 8)
INSERT INTO dbo.Wheelsets(wheelsetId, hubId, rimId, tireId) VALUES(20 , 7    , 7	 , 9)
INSERT INTO dbo.Wheelsets(wheelsetId, hubId, rimId, tireId) VALUES(21 , 7    , 8	 , 10)
INSERT INTO dbo.Wheelsets(wheelsetId, hubId, rimId, tireId) VALUES(22 , 7    , 8	 , 4)
INSERT INTO dbo.Wheelsets(wheelsetId, hubId, rimId, tireId) VALUES(23 , 8    , 8	 , 4)
INSERT INTO dbo.Wheelsets(wheelsetId, hubId, rimId, tireId) VALUES(24 , 7    , 9	 , 10)
INSERT INTO dbo.Wheelsets(wheelsetId, hubId, rimId, tireId) VALUES(25 , 6    , 8	 , 7)
INSERT INTO dbo.Wheelsets(wheelsetId, hubId, rimId, tireId) VALUES(26 , 8    , 8	 , 7)
INSERT INTO dbo.Wheelsets(wheelsetId, hubId, rimId, tireId) VALUES(27 , 7    , 3	 , 9)
INSERT INTO dbo.Wheelsets(wheelsetId, hubId, rimId, tireId) VALUES(28 , 7    , 10	 , 9)
INSERT INTO dbo.Wheelsets(wheelsetId, hubId, rimId, tireId) VALUES(29 , 7    , 8	 , 9)
INSERT INTO dbo.Wheelsets(wheelsetId, hubId, rimId, tireId) VALUES(30 , 7    , 9	 , 9)
INSERT INTO dbo.Wheelsets(wheelsetId, hubId, rimId, tireId) VALUES(31 , 10   , 11	 , 11)
INSERT INTO dbo.Wheelsets(wheelsetId, hubId, rimId, tireId) VALUES(32 , 7    , 12	 , 5)
INSERT INTO dbo.Wheelsets(wheelsetId, hubId, rimId, tireId) VALUES(33 , 7    , 13	 , 5)
INSERT INTO dbo.Wheelsets(wheelsetId, hubId, rimId, tireId) VALUES(34 , 7    , 14	 , 12)
INSERT INTO dbo.Wheelsets(wheelsetId, hubId, rimId, tireId) VALUES(35 , 11   , 15	 , 13)
INSERT INTO dbo.Wheelsets(wheelsetId, hubId, rimId, tireId) VALUES(36 , 11   , 16	 , 13)
INSERT INTO dbo.Wheelsets(wheelsetId, hubId, rimId, tireId) VALUES(37 , 12   , 16	 , 13)
INSERT INTO dbo.Wheelsets(wheelsetId, hubId, rimId, tireId) VALUES(38 , 11   , 17	 , 14)
INSERT INTO dbo.Wheelsets(wheelsetId, hubId, rimId, tireId) VALUES(39 , 11   , 17	 , 13)
INSERT INTO dbo.Wheelsets(wheelsetId, hubId, rimId, tireId) VALUES(40 , 11   , 18	 , 15)
INSERT INTO dbo.Wheelsets(wheelsetId, hubId, rimId, tireId) VALUES(41 , 12   , 17	 , 13)
INSERT INTO dbo.Wheelsets(wheelsetId, hubId, rimId, tireId) VALUES(42 , 14   , 19	 , 16)
INSERT INTO dbo.Wheelsets(wheelsetId, hubId, rimId, tireId) VALUES(43 , 15   , 19	 , 16)
INSERT INTO dbo.Wheelsets(wheelsetId, hubId, rimId, tireId) VALUES(44 , 11   , 20	 , 13)
INSERT INTO dbo.Wheelsets(wheelsetId, hubId, rimId, tireId) VALUES(45 , 11   , 21	 , 13)
INSERT INTO dbo.Wheelsets(wheelsetId, hubId, rimId, tireId) VALUES(46 , 11   , 22	 , 13)
INSERT INTO dbo.Wheelsets(wheelsetId, hubId, rimId, tireId) VALUES(47 , 11   , 23	 , 13)
INSERT INTO dbo.Wheelsets(wheelsetId, hubId, rimId, tireId) VALUES(48 , 11   , 24	 , 17)
INSERT INTO dbo.Wheelsets(wheelsetId, hubId, rimId, tireId) VALUES(49 , 11   , 20	 , 17)
INSERT INTO dbo.Wheelsets(wheelsetId, hubId, rimId, tireId) VALUES(50 , 11   , 21	 , 17)
INSERT INTO dbo.Wheelsets(wheelsetId, hubId, rimId, tireId) VALUES(51 , 11   , 23	 , 17)
INSERT INTO dbo.Wheelsets(wheelsetId, hubId, rimId, tireId) VALUES(52 , 11   , 25	 , 17)
INSERT INTO dbo.Wheelsets(wheelsetId, hubId, rimId, tireId) VALUES(53 , 11   , 21	 , 18)
INSERT INTO dbo.Wheelsets(wheelsetId, hubId, rimId, tireId) VALUES(54 , 16   , 19	 , 19)
INSERT INTO dbo.Wheelsets(wheelsetId, hubId, rimId, tireId) VALUES(55 , 16   , 19	 , 20)
INSERT INTO dbo.Wheelsets(wheelsetId, hubId, rimId, tireId) VALUES(56 , 7    , 26	 , 21)
INSERT INTO dbo.Wheelsets(wheelsetId, hubId, rimId, tireId) VALUES(57 , 2    , 1	 , 22)
INSERT INTO dbo.Wheelsets(wheelsetId, hubId, rimId, tireId) VALUES(58 , 2    , 2	 , 22)
INSERT INTO dbo.Wheelsets(wheelsetId, hubId, rimId, tireId) VALUES(59 , 2    , 1	 , 23)
INSERT INTO dbo.Wheelsets(wheelsetId, hubId, rimId, tireId) VALUES(60 , 2    , 27	 , 20)
INSERT INTO dbo.Wheelsets(wheelsetId, hubId, rimId, tireId) VALUES(61 , 2    , 1	 , 24)

SET IDENTITY_INSERT dbo.Wheelsets OFF;


SET IDENTITY_INSERT dbo.Shifters ON;		

INSERT INTO dbo.Shifters(shifterId, shifterName)	VALUES(1 , 'Shimano Altus EF500, 7 шв.')
INSERT INTO dbo.Shifters(shifterId, shifterName)	VALUES(2 , 'Shimano Altus M315, 8 шв.')
INSERT INTO dbo.Shifters(shifterId, shifterName)	VALUES(3 , 'Shimano Deore M4100, 10 шв.')
INSERT INTO dbo.Shifters(shifterId, shifterName)	VALUES(4 , 'Shimano Deore M6100, 12 шв.')
INSERT INTO dbo.Shifters(shifterId, shifterName)	VALUES(5 , 'Shimano SLX M7100, 12-шв.')
INSERT INTO dbo.Shifters(shifterId, shifterName)	VALUES(6 , 'Shimano XT M8100, 12 шв.')
INSERT INTO dbo.Shifters(shifterId, shifterName)	VALUES(7 , 'Shimano XTR M9100, 12 шв.')
INSERT INTO dbo.Shifters(shifterId, shifterName)	VALUES(8 , 'Shimano 105 R7170, 12 шв.')
INSERT INTO dbo.Shifters(shifterId, shifterName)	VALUES(9 , 'Shimano Ultegra R8020, 11 шв.')
INSERT INTO dbo.Shifters(shifterId, shifterName)	VALUES(10, 'Shimano Ultegra R8170 Di2, 12 шв.')
INSERT INTO dbo.Shifters(shifterId, shifterName)	VALUES(11, 'Shimano Dura-Ace R9270 Di2, 12 шв.')
INSERT INTO dbo.Shifters(shifterId, shifterName)	VALUES(12, 'Shimano Dura-Ace R9180 Di2, 12 шв.')
INSERT INTO dbo.Shifters(shifterId, shifterName)	VALUES(13, 'Shimano Claris R2000, 8 шв.')
INSERT INTO dbo.Shifters(shifterId, shifterName)	VALUES(14, 'Shimano Sora R3000, 9 шв.')
INSERT INTO dbo.Shifters(shifterId, shifterName)	VALUES(15, 'Shimano Tiagra R4725, 10 шв.')
INSERT INTO dbo.Shifters(shifterId, shifterName)	VALUES(16, 'Shimano 105 R7020, 11 шв.')
INSERT INTO dbo.Shifters(shifterId, shifterName)	VALUES(17, 'Shimano GRX RX600, 11 шв.')
INSERT INTO dbo.Shifters(shifterId, shifterName)	VALUES(18, 'Shimano GRX RX815, 11 шв.')
INSERT INTO dbo.Shifters(shifterId, shifterName)	VALUES(19, 'Shimano GRX RX810, 11 шв.')
INSERT INTO dbo.Shifters(shifterId, shifterName)	VALUES(20, 'Shimano Tiagra R4700, 10 шв.')
INSERT INTO dbo.Shifters(shifterId, shifterName)	VALUES(21, 'Shimano EF500, 8 шв.')
INSERT INTO dbo.Shifters(shifterId, shifterName)	VALUES(22, 'Shimano Altus M2010, 9 шв.')
----------------------------------------------------------------------------------------
INSERT INTO dbo.Shifters(shifterId, shifterName)	VALUES(23, 'SRAM SX Eagle, 12 шв.')
INSERT INTO dbo.Shifters(shifterId, shifterName)	VALUES(24, 'SRAM NX Eagle, 12 шв.')
INSERT INTO dbo.Shifters(shifterId, shifterName)	VALUES(25, 'SRAM GX Eagle, 12 шв.')
INSERT INTO dbo.Shifters(shifterId, shifterName)	VALUES(26, 'SRAM GX Eagle AXS, 12 шв.')
INSERT INTO dbo.Shifters(shifterId, shifterName)	VALUES(27, 'SRAM AXS Eagle, 12 шв.')
INSERT INTO dbo.Shifters(shifterId, shifterName)	VALUES(28, 'SRAM X01 Eagle, 12 шв.')
INSERT INTO dbo.Shifters(shifterId, shifterName)	VALUES(29, 'SRAM GX DH, 7 шв.')
INSERT INTO dbo.Shifters(shifterId, shifterName)	VALUES(30, 'SRAM Rival eTap AXS, 12 шв.')
INSERT INTO dbo.Shifters(shifterId, shifterName)	VALUES(31, 'SRAM Force eTap AXS, 12 шв.')
INSERT INTO dbo.Shifters(shifterId, shifterName)	VALUES(32, 'SRAM RED eTap AXS, 12 шв.')
INSERT INTO dbo.Shifters(shifterId, shifterName)	VALUES(33, 'SRAM Clics eTap, 12 шв.')
INSERT INTO dbo.Shifters(shifterId, shifterName)	VALUES(34, 'SRAM eTap AXS BlipBox, 12 шв.')

SET IDENTITY_INSERT dbo.Shifters OFF;

SET IDENTITY_INSERT dbo.Switches ON;		

INSERT INTO dbo.Switches(switchId, switchName)	VALUES(1 , 'Shimano Tourney TY300')
INSERT INTO dbo.Switches(switchId, switchName)	VALUES(2 , 'Shimano Altus M315 (перед.) / M310 (зад.)')
INSERT INTO dbo.Switches(switchId, switchName)	VALUES(3 , 'Shimano Deore M5120')
INSERT INTO dbo.Switches(switchId, switchName)	VALUES(4 , 'Shimano XT M8100, max 51T')
INSERT INTO dbo.Switches(switchId, switchName)	VALUES(5 , 'Shimano Deore M6100, max 51T')
INSERT INTO dbo.Switches(switchId, switchName)	VALUES(6 , 'Shimano XTR M9100 max. 51T')
INSERT INTO dbo.Switches(switchId, switchName)	VALUES(7 , 'Shimano 105 R7150 Di2 (перед.) / (зад.)')
INSERT INTO dbo.Switches(switchId, switchName)	VALUES(8 , 'Shimano Ultegra R8000 (перед.) / (зад.)')
INSERT INTO dbo.Switches(switchId, switchName)	VALUES(9 , 'Shimano Ultegra R8150 Di2 (перед.) / (зад.)')
INSERT INTO dbo.Switches(switchId, switchName)	VALUES(10, 'Shimano Dura-Ace R9250 Di2 (перед.) / (зад.) max. 34T')
INSERT INTO dbo.Switches(switchId, switchName)	VALUES(11, 'Shimano Claris R2000 (перед.) / (зад.) max. 34T')
INSERT INTO dbo.Switches(switchId, switchName)	VALUES(12, 'Shimano Sora R3000 (перед.) / (зад.) max. 34T')
INSERT INTO dbo.Switches(switchId, switchName)	VALUES(13, 'Shimano Tiagra 4700 (перед.) / (зад.) max. 34T')
INSERT INTO dbo.Switches(switchId, switchName)	VALUES(14, 'Shimano 105 R7000 (перед.) / (зад.) max. 34T')
INSERT INTO dbo.Switches(switchId, switchName)	VALUES(15, 'Shimano GRX RX810 (перед.) / (зад.) max. 34T')
INSERT INTO dbo.Switches(switchId, switchName)	VALUES(16, 'Shimano GRX RX815 (перед.) / (зад.) max. 34T')
INSERT INTO dbo.Switches(switchId, switchName)	VALUES(17, 'Shimano Sora R3030 (перед.) / Alivio M4000 (зад.) max. 36T')
INSERT INTO dbo.Switches(switchId, switchName)	VALUES(18, 'Shimano Tiagra 4700 (перед.) / GRX RX400 (зад.) max. 36T')
INSERT INTO dbo.Switches(switchId, switchName)	VALUES(19, 'Shimano SLX M7100, max 51T')
INSERT INTO dbo.Switches(switchId, switchName)	VALUES(20, 'Shimano Tourney TY710 (перед.) / Altus M310 (зад.)')
INSERT INTO dbo.Switches(switchId, switchName)	VALUES(21, 'Shimano Acera T3000 (перед.) / Altus M2000 (зад.)')
-----------------------------------------------------------------------------------------------------------------
INSERT INTO dbo.Switches(switchId, switchName)	VALUES(22, 'SRAM SX Eagle')
INSERT INTO dbo.Switches(switchId, switchName)	VALUES(23, 'SRAM NX Eagle')
INSERT INTO dbo.Switches(switchId, switchName)	VALUES(24, 'SRAM GX Eagle')
INSERT INTO dbo.Switches(switchId, switchName)	VALUES(25, 'SRAM GX Eagle AXS')
INSERT INTO dbo.Switches(switchId, switchName)	VALUES(26, 'SRAM XX1 Eagle AXS')
INSERT INTO dbo.Switches(switchId, switchName)	VALUES(27, 'SRAM X01 Eagle')
INSERT INTO dbo.Switches(switchId, switchName)	VALUES(28, 'SRAM GX DH')
INSERT INTO dbo.Switches(switchId, switchName)	VALUES(29, 'SRAM Rival eTap AXS (перед.) / (зад.)')
INSERT INTO dbo.Switches(switchId, switchName)	VALUES(30, 'SRAM Force eTap AXS (перед.) / (зад.) max. 36T')
INSERT INTO dbo.Switches(switchId, switchName)	VALUES(31, 'SRAM RED eTap AXS (перед.) / (зад.) max. 36T')
INSERT INTO dbo.Switches(switchId, switchName)	VALUES(32, 'SRAM Rival XPLR eTap AXS (перед.) / (зад.) max. 36T')
INSERT INTO dbo.Switches(switchId, switchName)	VALUES(33, 'SRAM Force XPLR eTap AXS (перед.) / (зад.) max. 36T')
INSERT INTO dbo.Switches(switchId, switchName)	VALUES(34, 'SRAM RED XPLR eTap AXS (перед.) / (зад.) max. 36T')
INSERT INTO dbo.Switches(switchId, switchName)	VALUES(35, 'SRAM X01 Eagle AXS')

SET IDENTITY_INSERT dbo.Switches OFF;

SET IDENTITY_INSERT dbo.Cassettes ON;		

INSERT INTO dbo.Cassettes(cassetteId, cassetteName) 
										VALUES(1 , 'Shimano TZ500, 14-28, 7 шв., Shimano Tourney TY301, 42/34/24')
INSERT INTO dbo.Cassettes(cassetteId, cassetteName) VALUES(2 , 'Shimano, 11-32, 8 шв., Shimano M315, 36/22')
INSERT INTO dbo.Cassettes(cassetteId, cassetteName) VALUES(3 , 'Shimano Deore M4100, 11-46, 10 шв., Prowheel C10Y-NW, 30T')
INSERT INTO dbo.Cassettes(cassetteId, cassetteName) VALUES(4 , 'Shimano Deore M4100, 11-46, 10 шв., FSA Alpha Drive, 28T')
INSERT INTO dbo.Cassettes(cassetteId, cassetteName) VALUES(5 , 'Shimano Deore M4100, 11-46, 10 шв., Prowheel C10Y-NW, 30T, narrow-wide')
INSERT INTO dbo.Cassettes(cassetteId, cassetteName) VALUES(6 , 'Shimano Deore M6100, 10-51, 12 шв., Shimano MT511, 30T, Boost')
INSERT INTO dbo.Cassettes(cassetteId, cassetteName) VALUES(7 , 'Shimano SLX M7100, 10-51, 12 шв., E*thirteen Helix, 30T')
INSERT INTO dbo.Cassettes(cassetteId, cassetteName) VALUES(8 , 'Shimano SLX M7100, 10-51, 12 шв., Shimano MT611, 30T')
INSERT INTO dbo.Cassettes(cassetteId, cassetteName) VALUES(9 , 'Shimano Deore M6100, 10-51, 12 шв., Shimano Deore M6120, 30T')
INSERT INTO dbo.Cassettes(cassetteId, cassetteName) VALUES(10, 'Shimano SLX M7100, 10-51, 12 шв., Shimano Deore M6120, 30T')
INSERT INTO dbo.Cassettes(cassetteId, cassetteName) VALUES(11, 'Shimano XT M8100, 10-51, 12 шв., Shimano XT M8120, 30T, Boost')
INSERT INTO dbo.Cassettes(cassetteId, cassetteName) VALUES(12, 'Shimano XTR M9101, 10-51, 12 шв., E*thirteen TRS Race Carbon, 30T')
INSERT INTO dbo.Cassettes(cassetteId, cassetteName) VALUES(13, 'Shimano XT M8100, 10-51, 12 шв., Shimano SLX M7100, 30T')
INSERT INTO dbo.Cassettes(cassetteId, cassetteName) VALUES(14, 'Shimano XT M8100, 10-51, 12 шв., Shimano XT M8100, 30T')
INSERT INTO dbo.Cassettes(cassetteId, cassetteName) VALUES(15, 'Shimano XTR M9100, 10-51, 12 шв., Shimano XTR M9120, 30T')
INSERT INTO dbo.Cassettes(cassetteId, cassetteName) VALUES(16, 'Shimano XTR M9101, 10-51, 12 шв., E*thirteen LG1 Race Carbon, 30T')
INSERT INTO dbo.Cassettes(cassetteId, cassetteName) VALUES(17, 'Shimano XT M8100, 10-51, 12 шв., E*thirteen TRS Race Carbon, 34T')
INSERT INTO dbo.Cassettes(cassetteId, cassetteName) VALUES(18, 'Shimano XTR M9101, 10-51, 12 шв., E*thirteen XCX Race, carbon, 34T')
INSERT INTO dbo.Cassettes(cassetteId, cassetteName) VALUES(19, 'Shimano 105 R7100, 11-34, 12 шв., Shimano 105 R7100, 50/34')
INSERT INTO dbo.Cassettes(cassetteId, cassetteName) VALUES(20, 'Shimano Ultegra R8000, 11-30 11 шв., Shimano Ultegra R8000, 52/36')
INSERT INTO dbo.Cassettes(cassetteId, cassetteName) VALUES(21, 'Shimano Ultegra R8100, 11-30, 12 шв., Shimano Ultegra R8100, 52/36')
INSERT INTO dbo.Cassettes(cassetteId, cassetteName) VALUES(22, 'Shimano Dura-Ace R9200, 11-30, 12 шв., Shimano Dura-Ace R9200, 52/36')
INSERT INTO dbo.Cassettes(cassetteId, cassetteName) VALUES(23, 'Shimano HG31, 11-32, 8 шв., Shimano RS200, 50/34')
INSERT INTO dbo.Cassettes(cassetteId, cassetteName) VALUES(24, 'Shimano Sora HG400, 11-32, 9 шв., Shimano Sora R3000, 50/34')
INSERT INTO dbo.Cassettes(cassetteId, cassetteName) VALUES(25, 'Shimano HG500, 11-32, 10 шв., Shimano Tiagra 4700, 50/34')
INSERT INTO dbo.Cassettes(cassetteId, cassetteName) VALUES(26, 'Shimano 105 HG700-11, 11-34, 11 шв., Shimano 105 R7000, 50/34')
INSERT INTO dbo.Cassettes(cassetteId, cassetteName) VALUES(27, 'Shimano Ultegra R8100, 11-34, 12 шв., Shimano Ultegra R8100, 50/34')
INSERT INTO dbo.Cassettes(cassetteId, cassetteName) VALUES(28, 'Shimano Dura-Ace R9200, 11-34, 12 шв., Shimano Dura-Ace R9200, 50/34')
INSERT INTO dbo.Cassettes(cassetteId, cassetteName) VALUES(29, 'Shimano 105 HG700-11, 11-34, 11 шв., Shimano GRX RX600, 46/30')
INSERT INTO dbo.Cassettes(cassetteId, cassetteName) VALUES(30, 'Shimano Ultegra HG800-11, 11-34, 11 шв., Shimano GRX RX810, 48/31')
INSERT INTO dbo.Cassettes(cassetteId, cassetteName) VALUES(31, 'Shimano HG200, 11-36, 9 шв., Shimano Alivio T4060, 48/36/26, з захистом')
INSERT INTO dbo.Cassettes(cassetteId, cassetteName) VALUES(32, 'Shimano HG50, 11-36, 10 шв., ProWheel, 42/28')
INSERT INTO dbo.Cassettes(cassetteId, cassetteName) VALUES(33, 'Shimano SLX M7100, 10-51, 12 шв., Shimano SLX M7100, 30T')
INSERT INTO dbo.Cassettes(cassetteId, cassetteName) VALUES(34, 'Shimano HG31, 11-32, 8 шв., 46/30, з захистом')
INSERT INTO dbo.Cassettes(cassetteId, cassetteName) VALUES(35, 'Shimano HG200, 11-36, 9 шв., 46/30, з захистом')
INSERT INTO dbo.Cassettes(cassetteId, cassetteName) VALUES(36, 'Shimano Deore M4100, 11-46, 10 шв., Prowheel , 40T')
---------------------------------------------------------------------------------------------------------------------------------
INSERT INTO dbo.Cassettes(cassetteId, cassetteName) VALUES(37, 'SRAM Eagle PG-1210, 11-50, 12 шв., SRAM SX Eagle, 30T')
INSERT INTO dbo.Cassettes(cassetteId, cassetteName) VALUES(38, 'SRAM Eagle PG-1230, 11-50, 12 шв., SRAM X1 Eagle, DUB, 30T')
INSERT INTO dbo.Cassettes(cassetteId, cassetteName) VALUES(39, 'SRAM Eagle XG-1275, 10-52, 12 шв., SRAM X1 Eagle, DUB, 32T')
INSERT INTO dbo.Cassettes(cassetteId, cassetteName) VALUES(40, 'SRAM Eagle XG-1275, 11-52, 12 шв., SRAM GX Eagle DUB, 30T')
INSERT INTO dbo.Cassettes(cassetteId, cassetteName) VALUES(41, 'SRAM Eagle XG-1275, 10-52, 12 шв., SRAM GX Eagle DUB, 30T')
INSERT INTO dbo.Cassettes(cassetteId, cassetteName) VALUES(42, 'SRAM Eagle XG-1299, 10-52, 12 шв., SRAM XX1 Eagle, DUB, 30T')
INSERT INTO dbo.Cassettes(cassetteId, cassetteName) VALUES(43, 'SRAM Eagle XG-1275, 10-52, 12 шв., SRAM X01 Eagle, DUB, 30T')
INSERT INTO dbo.Cassettes(cassetteId, cassetteName) VALUES(44, 'SRAM Eagle XG-1295, 10-52, 12 шв., SRAM X01 Eagle, DUB, 30T')
INSERT INTO dbo.Cassettes(cassetteId, cassetteName) VALUES(45, 'SRAM PG-720, 11-25, 7 шв., Truvativ Descendant DH, DUB 83, 34T')
INSERT INTO dbo.Cassettes(cassetteId, cassetteName) VALUES(46, 'SRAM Eagle XG-1275, 10-52, 12 шв., SRAM GX Eagle Carbon, DUB, 32T')
INSERT INTO dbo.Cassettes(cassetteId, cassetteName) VALUES(47, 'SRAM Rival XG-1250, 10-36, 12 шв., SRAM Rival AXS Power Meter, 48/35, DUB')
INSERT INTO dbo.Cassettes(cassetteId, cassetteName) VALUES(48, 'SRAM Force XG-1270, 10-33, 12 шв., SRAM Force AXS Power Meter, 48/35, DUB')
INSERT INTO dbo.Cassettes(cassetteId, cassetteName) VALUES(49, 'SRAM RED XG-1290, 10-33, 12 шв., SRAM RED AXS Power Meter, 48/35, DUB')
INSERT INTO dbo.Cassettes(cassetteId, cassetteName) VALUES(50, 'SRAM Force XG-1270, 10-33, 12 шв., SRAM Force AXS Power Meter, 46/33, DUB')
INSERT INTO dbo.Cassettes(cassetteId, cassetteName) VALUES(51, 'SRAM RED XG-1290, 10-33, 12 шв., SRAM RED AXS Power Meter, 46/33, DUB')
INSERT INTO dbo.Cassettes(cassetteId, cassetteName) VALUES(52, 'SRAM XG-1251, 10-44, 12 шв., SRAM Rival, 40T, DUB')
INSERT INTO dbo.Cassettes(cassetteId, cassetteName) VALUES(53, 'SRAM XG-1270, 10-36, 12 шв., SRAM Force, 43/30, DUB')
INSERT INTO dbo.Cassettes(cassetteId, cassetteName) VALUES(54, 'SRAM XG-1271, 10-44, 12 шв., SRAM Force AXS Power Meter, 40T, DUB')
INSERT INTO dbo.Cassettes(cassetteId, cassetteName) VALUES(55, 'SRAM XG-1271, 10-44, 12 шв., SRAM RED AXS Power Meter, 40T, DUB GLS')
INSERT INTO dbo.Cassettes(cassetteId, cassetteName) VALUES(56, 'SRAM XG-1295 Eagle, 10-52, 12 шв., 	SRAM X01 Eagle carbon, DUB, 30T')

INSERT INTO dbo.Cassettes(cassetteId, cassetteName) VALUES(57, 'SRAM XG-1250, 10-36, 12 шв., SRAM Rival, 46/33, DUB')
INSERT INTO dbo.Cassettes(cassetteId, cassetteName) VALUES(58, 'SRAM XG-1250, 10-36, 12 шв., SRAM Rival AXS Power Meter, 46/33, DUB')
INSERT INTO dbo.Cassettes(cassetteId, cassetteName) VALUES(59, 'SRAM XG-1251, 10-44, 12 шв., SRAM Rival AXS Power Meter, 40T, DUB')
INSERT INTO dbo.Cassettes(cassetteId, cassetteName) VALUES(60, 'Shimano Ultegra HG800-11, 11-34, 11 шв., Shimano GRX RX810, 40T')

SET IDENTITY_INSERT dbo.Cassettes OFF;


SET IDENTITY_INSERT dbo.Transmitions ON;		

INSERT INTO dbo.Transmitions(transmitionId, cassetteId, switchId, shifterId, transmitionQuantity)
									    VALUES(1	 , 1		 , 1	   , 1		  , 65)
INSERT INTO dbo.Transmitions(transmitionId, cassetteId, switchId, shifterId, transmitionQuantity) VALUES(2	 , 2		 , 2	   , 2		  , 90)
INSERT INTO dbo.Transmitions(transmitionId, cassetteId, switchId, shifterId, transmitionQuantity) VALUES(3	 , 3		 , 3	   , 3		  , 67)
INSERT INTO dbo.Transmitions(transmitionId, cassetteId, switchId, shifterId, transmitionQuantity) VALUES(4	 , 4		 , 3	   , 3		  , 65)
INSERT INTO dbo.Transmitions(transmitionId, cassetteId, switchId, shifterId, transmitionQuantity) VALUES(5	 , 37		 , 22	   , 23		  , 65)
INSERT INTO dbo.Transmitions(transmitionId, cassetteId, switchId, shifterId, transmitionQuantity) VALUES(6	 , 5		 , 3	   , 3		  , 65)
INSERT INTO dbo.Transmitions(transmitionId, cassetteId, switchId, shifterId, transmitionQuantity) VALUES(7	 , 6		 , 4	   , 4		  , 65)
INSERT INTO dbo.Transmitions(transmitionId, cassetteId, switchId, shifterId, transmitionQuantity) VALUES(8	 , 38		 , 23	   , 24		  , 65)
INSERT INTO dbo.Transmitions(transmitionId, cassetteId, switchId, shifterId, transmitionQuantity) VALUES(9	 , 7		 , 4	   , 5		  , 65)
INSERT INTO dbo.Transmitions(transmitionId, cassetteId, switchId, shifterId, transmitionQuantity) VALUES(10	 , 6		 , 5	   , 4		  , 65)
INSERT INTO dbo.Transmitions(transmitionId, cassetteId, switchId, shifterId, transmitionQuantity) VALUES(11	 , 8		 , 4	   , 5		  , 65)
INSERT INTO dbo.Transmitions(transmitionId, cassetteId, switchId, shifterId, transmitionQuantity) VALUES(12	 , 39		 , 24	   , 25		  , 65)
INSERT INTO dbo.Transmitions(transmitionId, cassetteId, switchId, shifterId, transmitionQuantity) VALUES(13	 , 40		 , 24	   , 25		  , 65)
INSERT INTO dbo.Transmitions(transmitionId, cassetteId, switchId, shifterId, transmitionQuantity) VALUES(14	 , 8		 , 4	   , 5		  , 65)
INSERT INTO dbo.Transmitions(transmitionId, cassetteId, switchId, shifterId, transmitionQuantity) VALUES(15	 , 10		 , 4	   , 6		  , 65)
INSERT INTO dbo.Transmitions(transmitionId, cassetteId, switchId, shifterId, transmitionQuantity) VALUES(16	 , 11		 , 4	   , 6		  , 65)
INSERT INTO dbo.Transmitions(transmitionId, cassetteId, switchId, shifterId, transmitionQuantity) VALUES(17	 , 41		 , 24	   , 25		  , 65)
INSERT INTO dbo.Transmitions(transmitionId, cassetteId, switchId, shifterId, transmitionQuantity) VALUES(18	 , 12		 , 6	   , 7		  , 65)
INSERT INTO dbo.Transmitions(transmitionId, cassetteId, switchId, shifterId, transmitionQuantity) VALUES(19	 , 42		 , 26	   , 27		  , 65)
INSERT INTO dbo.Transmitions(transmitionId, cassetteId, switchId, shifterId, transmitionQuantity) VALUES(20	 , 13		 , 4	   , 6		  , 65)
INSERT INTO dbo.Transmitions(transmitionId, cassetteId, switchId, shifterId, transmitionQuantity) VALUES(21	 , 10		 , 4	   , 5		  , 65)
INSERT INTO dbo.Transmitions(transmitionId, cassetteId, switchId, shifterId, transmitionQuantity) VALUES(22	 , 41		 , 25	   , 26		  , 65)
INSERT INTO dbo.Transmitions(transmitionId, cassetteId, switchId, shifterId, transmitionQuantity) VALUES(23	 , 14		 , 4	   , 6		  , 65)
INSERT INTO dbo.Transmitions(transmitionId, cassetteId, switchId, shifterId, transmitionQuantity) VALUES(25	 , 15		 , 6	   , 7		  , 65)
INSERT INTO dbo.Transmitions(transmitionId, cassetteId, switchId, shifterId, transmitionQuantity) VALUES(26	 , 43		 , 27	   , 28		  , 65)
INSERT INTO dbo.Transmitions(transmitionId, cassetteId, switchId, shifterId, transmitionQuantity) VALUES(27	 , 44		 , 26	   , 27		  , 65)
INSERT INTO dbo.Transmitions(transmitionId, cassetteId, switchId, shifterId, transmitionQuantity) VALUES(28	 , 16		 , 6	   , 7		  , 65)
INSERT INTO dbo.Transmitions(transmitionId, cassetteId, switchId, shifterId, transmitionQuantity) VALUES(29	 , 45		 , 28	   , 29		  , 65)
INSERT INTO dbo.Transmitions(transmitionId, cassetteId, switchId, shifterId, transmitionQuantity) VALUES(30	 , 6		 , 19	   , 4		  , 65)
INSERT INTO dbo.Transmitions(transmitionId, cassetteId, switchId, shifterId, transmitionQuantity) VALUES(31	 , 17		 , 4	   , 6		  , 65)
INSERT INTO dbo.Transmitions(transmitionId, cassetteId, switchId, shifterId, transmitionQuantity) VALUES(32	 , 46		 , 25	   , 26		  , 65)
INSERT INTO dbo.Transmitions(transmitionId, cassetteId, switchId, shifterId, transmitionQuantity) VALUES(33	 , 18		 , 6	   , 7		  , 65)
INSERT INTO dbo.Transmitions(transmitionId, cassetteId, switchId, shifterId, transmitionQuantity) VALUES(34	 , 19		 , 7	   , 8		  , 65)
INSERT INTO dbo.Transmitions(transmitionId, cassetteId, switchId, shifterId, transmitionQuantity) VALUES(35	 , 20		 , 8	   , 9		  , 65)
INSERT INTO dbo.Transmitions(transmitionId, cassetteId, switchId, shifterId, transmitionQuantity) VALUES(36	 , 47		 , 29	   , 30		  , 65)
INSERT INTO dbo.Transmitions(transmitionId, cassetteId, switchId, shifterId, transmitionQuantity) VALUES(37	 , 21		 , 9	   , 10		  , 65)
INSERT INTO dbo.Transmitions(transmitionId, cassetteId, switchId, shifterId, transmitionQuantity) VALUES(38	 , 48		 , 30	   , 31		  , 65)
INSERT INTO dbo.Transmitions(transmitionId, cassetteId, switchId, shifterId, transmitionQuantity) VALUES(39	 , 22		 , 10	   , 11		  , 65)
INSERT INTO dbo.Transmitions(transmitionId, cassetteId, switchId, shifterId, transmitionQuantity) VALUES(40	 , 49		 , 31	   , 32		  , 65)
INSERT INTO dbo.Transmitions(transmitionId, cassetteId, switchId, shifterId, transmitionQuantity) VALUES(41	 , 23		 , 11	   , 13		  , 65)
INSERT INTO dbo.Transmitions(transmitionId, cassetteId, switchId, shifterId, transmitionQuantity) VALUES(42	 , 47		 , 29	   , 33		  , 65)
INSERT INTO dbo.Transmitions(transmitionId, cassetteId, switchId, shifterId, transmitionQuantity) VALUES(43	 , 48		 , 30	   , 34		  , 65)
INSERT INTO dbo.Transmitions(transmitionId, cassetteId, switchId, shifterId, transmitionQuantity) VALUES(44	 , 22		 , 10	   , 12		  , 65)
INSERT INTO dbo.Transmitions(transmitionId, cassetteId, switchId, shifterId, transmitionQuantity) VALUES(45	 , 49		 , 31	   , 34		  , 65)
INSERT INTO dbo.Transmitions(transmitionId, cassetteId, switchId, shifterId, transmitionQuantity) VALUES(46	 , 24		 , 12	   , 14		  , 65)
INSERT INTO dbo.Transmitions(transmitionId, cassetteId, switchId, shifterId, transmitionQuantity) VALUES(47	 , 25		 , 13	   , 15		  , 65)
INSERT INTO dbo.Transmitions(transmitionId, cassetteId, switchId, shifterId, transmitionQuantity) VALUES(48	 , 26		 , 14	   , 16		  , 65)
INSERT INTO dbo.Transmitions(transmitionId, cassetteId, switchId, shifterId, transmitionQuantity) VALUES(49	 , 50		 , 30	   , 31		  , 65)
INSERT INTO dbo.Transmitions(transmitionId, cassetteId, switchId, shifterId, transmitionQuantity) VALUES(50	 , 51		 , 31	   , 32		  , 65)
INSERT INTO dbo.Transmitions(transmitionId, cassetteId, switchId, shifterId, transmitionQuantity) VALUES(51	 , 29		 , 15	   , 17		  , 65)
INSERT INTO dbo.Transmitions(transmitionId, cassetteId, switchId, shifterId, transmitionQuantity) VALUES(52	 , 52		 , 32	   , 30		  , 65)
INSERT INTO dbo.Transmitions(transmitionId, cassetteId, switchId, shifterId, transmitionQuantity) VALUES(53	 , 53		 , 30	   , 31		  , 65)
INSERT INTO dbo.Transmitions(transmitionId, cassetteId, switchId, shifterId, transmitionQuantity) VALUES(54	 , 60		 , 16	   , 18		  , 65)
INSERT INTO dbo.Transmitions(transmitionId, cassetteId, switchId, shifterId, transmitionQuantity) VALUES(55	 , 54		 , 33	   , 31		  , 65)
INSERT INTO dbo.Transmitions(transmitionId, cassetteId, switchId, shifterId, transmitionQuantity) VALUES(56	 , 55		 , 34	   , 32		  , 65)
INSERT INTO dbo.Transmitions(transmitionId, cassetteId, switchId, shifterId, transmitionQuantity) VALUES(57	 , 60		 , 15	   , 19		  , 65)
INSERT INTO dbo.Transmitions(transmitionId, cassetteId, switchId, shifterId, transmitionQuantity) VALUES(58	 , 31		 , 17	   , 14		  , 65)
INSERT INTO dbo.Transmitions(transmitionId, cassetteId, switchId, shifterId, transmitionQuantity) VALUES(59	 , 32		 , 18	   , 20		  , 65)
INSERT INTO dbo.Transmitions(transmitionId, cassetteId, switchId, shifterId, transmitionQuantity) VALUES(60	 , 33		 , 19	   , 5		  , 65)
INSERT INTO dbo.Transmitions(transmitionId, cassetteId, switchId, shifterId, transmitionQuantity) VALUES(61	 , 34		 , 20	   , 1		  , 65)
INSERT INTO dbo.Transmitions(transmitionId, cassetteId, switchId, shifterId, transmitionQuantity) VALUES(62	 , 35		 , 21	   , 22		  , 65)
INSERT INTO dbo.Transmitions(transmitionId, cassetteId, switchId, shifterId, transmitionQuantity) VALUES(63	 , 36		 , 3	   , 3		  , 65)
INSERT INTO dbo.Transmitions(transmitionId, cassetteId, switchId, shifterId, transmitionQuantity) VALUES(64	 , 9		 , 4	   , 19		  , 65)
INSERT INTO dbo.Transmitions(transmitionId, cassetteId, switchId, shifterId, transmitionQuantity) VALUES(65	 , 9		 , 5	   , 4		  , 65)
INSERT INTO dbo.Transmitions(transmitionId, cassetteId, switchId, shifterId, transmitionQuantity) VALUES(66	 , 10		 , 19	   , 4		  , 65)
INSERT INTO dbo.Transmitions(transmitionId, cassetteId, switchId, shifterId, transmitionQuantity) VALUES(67	 , 8		 , 19	   , 4		  , 65)
INSERT INTO dbo.Transmitions(transmitionId, cassetteId, switchId, shifterId, transmitionQuantity) VALUES(68	 , 56		 , 35	   , 27		  , 65)
INSERT INTO dbo.Transmitions(transmitionId, cassetteId, switchId, shifterId, transmitionQuantity) VALUES(69	 , 57		 , 29	   , 30		  , 65)
INSERT INTO dbo.Transmitions(transmitionId, cassetteId, switchId, shifterId, transmitionQuantity) VALUES(70	 , 27		 , 9	   , 10		  , 65)
INSERT INTO dbo.Transmitions(transmitionId, cassetteId, switchId, shifterId, transmitionQuantity) VALUES(71	 , 58		 , 29	   , 30		  , 65)
INSERT INTO dbo.Transmitions(transmitionId, cassetteId, switchId, shifterId, transmitionQuantity) VALUES(72	 , 28		 , 10	   , 11		  , 65)
INSERT INTO dbo.Transmitions(transmitionId, cassetteId, switchId, shifterId, transmitionQuantity) VALUES(73	 , 59		 , 29	   , 30		  , 65)
INSERT INTO dbo.Transmitions(transmitionId, cassetteId, switchId, shifterId, transmitionQuantity) VALUES(74	 , 30		 , 16	   , 18		  , 65)
INSERT INTO dbo.Transmitions(transmitionId, cassetteId, switchId, shifterId, transmitionQuantity) VALUES(75	 , 60		 , 15	   , 19		  , 65)

SET IDENTITY_INSERT dbo.Transmitions OFF;

SET IDENTITY_INSERT dbo.Carriages ON;

INSERT INTO dbo.Carriages(carriageId, carriageName, carriageQuantity) 
									 VALUES(1 , 'Картриджна, 73 мм', 49)
INSERT INTO dbo.Carriages(carriageId, carriageName, carriageQuantity) VALUES(2 , 'FSA, 73 мм', 49)
INSERT INTO dbo.Carriages(carriageId, carriageName, carriageQuantity) VALUES(3 , 'Truvativ Powerspline', 49)
INSERT INTO dbo.Carriages(carriageId, carriageName, carriageQuantity) VALUES(4 , 'Shimano SM-BB52', 49)
INSERT INTO dbo.Carriages(carriageId, carriageName, carriageQuantity) VALUES(5 , 'SRAM DUB, 73 мм', 49)
INSERT INTO dbo.Carriages(carriageId, carriageName, carriageQuantity) VALUES(6 , 'Shimano MT500, 92 мм', 49)
INSERT INTO dbo.Carriages(carriageId, carriageName, carriageQuantity) VALUES(7 , 'SRAM DUB, 92 мм', 49)
INSERT INTO dbo.Carriages(carriageId, carriageName, carriageQuantity) VALUES(8 , 'SRAM DUB, 121 мм', 49)
INSERT INTO dbo.Carriages(carriageId, carriageName, carriageQuantity) VALUES(9 , 'SRAM DUB MTB Wide, 73 мм', 49)
INSERT INTO dbo.Carriages(carriageId, carriageName, carriageQuantity) VALUES(10, 'E*thirteen BB20-P, 73 мм', 49)
INSERT INTO dbo.Carriages(carriageId, carriageName, carriageQuantity) VALUES(11, 'Shimano BB-MT501', 49)
INSERT INTO dbo.Carriages(carriageId, carriageName, carriageQuantity) VALUES(12, 'SRAM DUB, 83 мм', 49)
INSERT INTO dbo.Carriages(carriageId, carriageName, carriageQuantity) VALUES(13, 'E*thirteen BB20-92', 49)
INSERT INTO dbo.Carriages(carriageId, carriageName, carriageQuantity) VALUES(14, 'Praxis, T47', 49)
INSERT INTO dbo.Carriages(carriageId, carriageName, carriageQuantity) VALUES(15, 'SRAM DUB, T47', 49)
INSERT INTO dbo.Carriages(carriageId, carriageName, carriageQuantity) VALUES(16, 'Shimano UN300', 49)
INSERT INTO dbo.Carriages(carriageId, carriageName, carriageQuantity) VALUES(17, 'Prowheel PW-BB73+', 49)
INSERT INTO dbo.Carriages(carriageId, carriageName, carriageQuantity) VALUES(18, 'Shimano RS500, 68мм', 49)
INSERT INTO dbo.Carriages(carriageId, carriageName, carriageQuantity) VALUES(19, 'Shimano HG200', 49)

SET IDENTITY_INSERT dbo.Carriages OFF;

SET IDENTITY_INSERT dbo.Pedalses ON;

INSERT INTO dbo.Pedalses(pedalsId, pedalsName, pedalsQuantity) 
									VALUES(1, 'VP-536, платформи, нейлон', 35)
INSERT INTO dbo.Pedalses(pedalsId, pedalsName, pedalsQuantity) VALUES(2, 'Педалі не йдуть у комплекті', 0)
INSERT INTO dbo.Pedalses(pedalsId, pedalsName, pedalsQuantity) VALUES(3, 'Wellgo BO-87B, алюм., Cro-Mo axle, змінні піни', 56)
INSERT INTO dbo.Pedalses(pedalsId, pedalsName, pedalsQuantity) VALUES(4, 'Wellgo BO-87B, магнезіум, Cro-Mo axle, змінні піни', 56)
INSERT INTO dbo.Pedalses(pedalsId, pedalsName, pedalsQuantity) VALUES(5, 'Wellgo, алюм. рамка, нейлон. корпус', 56)
INSERT INTO dbo.Pedalses(pedalsId, pedalsName, pedalsQuantity) VALUES(6, 'Wellgo M141, платформи, нейлон', 56)
INSERT INTO dbo.Pedalses(pedalsId, pedalsName, pedalsQuantity) VALUES(7, 'Bontrager City', 56)

SET IDENTITY_INSERT dbo.Pedalses OFF;

SET IDENTITY_INSERT dbo.Groopsets ON;		

INSERT INTO		   dbo.Groopsets(groopsetId, transmitionId, carriageId, pedalsId) 
								 VALUES(1		  , 1			 , 1		 , 1)
INSERT INTO dbo.Groopsets(groopsetId, transmitionId, carriageId, pedalsId) VALUES(2		  , 2			 , 1		 , 1)
INSERT INTO dbo.Groopsets(groopsetId, transmitionId, carriageId, pedalsId) VALUES(3		  , 3			 , 1		 , 1)
INSERT INTO dbo.Groopsets(groopsetId, transmitionId, carriageId, pedalsId) VALUES(4		  , 4			 , 2		 , 1)
INSERT INTO dbo.Groopsets(groopsetId, transmitionId, carriageId, pedalsId) VALUES(5		  , 5			 , 3		 , 1)
INSERT INTO dbo.Groopsets(groopsetId, transmitionId, carriageId, pedalsId) VALUES(6		  , 6			 , 2		 , 1)
INSERT INTO dbo.Groopsets(groopsetId, transmitionId, carriageId, pedalsId) VALUES(7		  , 7			 , 4		 , 1)
INSERT INTO dbo.Groopsets(groopsetId, transmitionId, carriageId, pedalsId) VALUES(8		  , 8			 , 5		 , 1)
INSERT INTO dbo.Groopsets(groopsetId, transmitionId, carriageId, pedalsId) VALUES(9		  , 9			 , 4		 , 2)
INSERT INTO dbo.Groopsets(groopsetId, transmitionId, carriageId, pedalsId) VALUES(10		  , 10			 , 6		 , 2)
INSERT INTO dbo.Groopsets(groopsetId, transmitionId, carriageId, pedalsId) VALUES(11		  , 11			 , 6		 , 2)
INSERT INTO dbo.Groopsets(groopsetId, transmitionId, carriageId, pedalsId) VALUES(12		  , 12			 , 7		 , 2)
INSERT INTO dbo.Groopsets(groopsetId, transmitionId, carriageId, pedalsId) VALUES(13		  , 13			 , 8		 , 1)
INSERT INTO dbo.Groopsets(groopsetId, transmitionId, carriageId, pedalsId) VALUES(14		  , 10			 , 4		 , 2)
INSERT INTO dbo.Groopsets(groopsetId, transmitionId, carriageId, pedalsId) VALUES(15		  , 64			 , 4		 , 2)
INSERT INTO dbo.Groopsets(groopsetId, transmitionId, carriageId, pedalsId) VALUES(16		  , 15			 , 4		 , 2)
INSERT INTO dbo.Groopsets(groopsetId, transmitionId, carriageId, pedalsId) VALUES(17		  , 23			 , 4		 , 2)
INSERT INTO dbo.Groopsets(groopsetId, transmitionId, carriageId, pedalsId) VALUES(18		  , 22			 , 9		 , 2)
INSERT INTO dbo.Groopsets(groopsetId, transmitionId, carriageId, pedalsId) VALUES(19		  , 18			 , 10		 , 2)
INSERT INTO dbo.Groopsets(groopsetId, transmitionId, carriageId, pedalsId) VALUES(20		  , 19			 , 9		 , 2)
INSERT INTO dbo.Groopsets(groopsetId, transmitionId, carriageId, pedalsId) VALUES(21		  , 65			 , 6		 , 2)
INSERT INTO dbo.Groopsets(groopsetId, transmitionId, carriageId, pedalsId) VALUES(22		  , 64			 , 11		 , 2)
INSERT INTO dbo.Groopsets(groopsetId, transmitionId, carriageId, pedalsId) VALUES(23		  , 20			 , 6		 , 2)
INSERT INTO dbo.Groopsets(groopsetId, transmitionId, carriageId, pedalsId) VALUES(24		  , 66			 , 4		 , 2)
INSERT INTO dbo.Groopsets(groopsetId, transmitionId, carriageId, pedalsId) VALUES(25		  , 67			 , 6		 , 2)
INSERT INTO dbo.Groopsets(groopsetId, transmitionId, carriageId, pedalsId) VALUES(26		  , 16			 , 11		 , 2)
INSERT INTO dbo.Groopsets(groopsetId, transmitionId, carriageId, pedalsId) VALUES(27		  , 22			 , 9		 , 2)
INSERT INTO dbo.Groopsets(groopsetId, transmitionId, carriageId, pedalsId) VALUES(28		  , 13			 , 6		 , 2)
INSERT INTO dbo.Groopsets(groopsetId, transmitionId, carriageId, pedalsId) VALUES(29		  , 17			 , 7		 , 2)
INSERT INTO dbo.Groopsets(groopsetId, transmitionId, carriageId, pedalsId) VALUES(30		  , 25			 , 6		 , 2)
INSERT INTO dbo.Groopsets(groopsetId, transmitionId, carriageId, pedalsId) VALUES(31		  , 26			 , 7		 , 2)
INSERT INTO dbo.Groopsets(groopsetId, transmitionId, carriageId, pedalsId) VALUES(32		  , 68			 , 7		 , 2)
INSERT INTO dbo.Groopsets(groopsetId, transmitionId, carriageId, pedalsId) VALUES(33		  , 12			 , 9		 , 2)
INSERT INTO dbo.Groopsets(groopsetId, transmitionId, carriageId, pedalsId) VALUES(34		  , 66			 , 11		 , 2)
INSERT INTO dbo.Groopsets(groopsetId, transmitionId, carriageId, pedalsId) VALUES(35		  , 28			 , 10		 , 2)
INSERT INTO dbo.Groopsets(groopsetId, transmitionId, carriageId, pedalsId) VALUES(36		  , 29			 , 12		 , 3)
INSERT INTO dbo.Groopsets(groopsetId, transmitionId, carriageId, pedalsId) VALUES(37		  , 29			 , 12		 , 4)
INSERT INTO dbo.Groopsets(groopsetId, transmitionId, carriageId, pedalsId) VALUES(38		  , 9			 , 6		 , 2)
INSERT INTO dbo.Groopsets(groopsetId, transmitionId, carriageId, pedalsId) VALUES(39		  , 31			 , 13		 , 2)
INSERT INTO dbo.Groopsets(groopsetId, transmitionId, carriageId, pedalsId) VALUES(40		  , 32			 , 7		 , 2)
INSERT INTO dbo.Groopsets(groopsetId, transmitionId, carriageId, pedalsId) VALUES(41		  , 33			 , 13		 , 2)
INSERT INTO dbo.Groopsets(groopsetId, transmitionId, carriageId, pedalsId) VALUES(42		  , 19			 , 7		 , 2)
INSERT INTO dbo.Groopsets(groopsetId, transmitionId, carriageId, pedalsId) VALUES(43		  , 34			 , 14		 , 2)
INSERT INTO dbo.Groopsets(groopsetId, transmitionId, carriageId, pedalsId) VALUES(44		  , 35			 , 14		 , 2)
INSERT INTO dbo.Groopsets(groopsetId, transmitionId, carriageId, pedalsId) VALUES(45		  , 36			 , 15		 , 2)
INSERT INTO dbo.Groopsets(groopsetId, transmitionId, carriageId, pedalsId) VALUES(46		  , 37			 , 14		 , 2)
INSERT INTO dbo.Groopsets(groopsetId, transmitionId, carriageId, pedalsId) VALUES(47		  , 38			 , 15		 , 2)
INSERT INTO dbo.Groopsets(groopsetId, transmitionId, carriageId, pedalsId) VALUES(48		  , 39			 , 14		 , 2)
INSERT INTO dbo.Groopsets(groopsetId, transmitionId, carriageId, pedalsId) VALUES(49		  , 40			 , 15		 , 2)
INSERT INTO dbo.Groopsets(groopsetId, transmitionId, carriageId, pedalsId) VALUES(50		  , 43			 , 15		 , 2)
INSERT INTO dbo.Groopsets(groopsetId, transmitionId, carriageId, pedalsId) VALUES(51		  , 44			 , 14		 , 2)
INSERT INTO dbo.Groopsets(groopsetId, transmitionId, carriageId, pedalsId) VALUES(52		  , 45			 , 15		 , 2)
INSERT INTO dbo.Groopsets(groopsetId, transmitionId, carriageId, pedalsId) VALUES(53		  , 41			 , 16		 , 2)
INSERT INTO dbo.Groopsets(groopsetId, transmitionId, carriageId, pedalsId) VALUES(54		  , 46			 , 17		 , 2)
INSERT INTO dbo.Groopsets(groopsetId, transmitionId, carriageId, pedalsId) VALUES(55		  , 47			 , 18		 , 2)
INSERT INTO dbo.Groopsets(groopsetId, transmitionId, carriageId, pedalsId) VALUES(56		  , 48			 , 17		 , 2)
INSERT INTO dbo.Groopsets(groopsetId, transmitionId, carriageId, pedalsId) VALUES(57		  , 48			 , 14		 , 2)
INSERT INTO dbo.Groopsets(groopsetId, transmitionId, carriageId, pedalsId) VALUES(58		  , 34			 , 15		 , 2)
INSERT INTO dbo.Groopsets(groopsetId, transmitionId, carriageId, pedalsId) VALUES(59		  , 69			 , 15		 , 2)
INSERT INTO dbo.Groopsets(groopsetId, transmitionId, carriageId, pedalsId) VALUES(60		  , 70			 , 14		 , 2)
INSERT INTO dbo.Groopsets(groopsetId, transmitionId, carriageId, pedalsId) VALUES(61		  , 49			 , 15		 , 2)
INSERT INTO dbo.Groopsets(groopsetId, transmitionId, carriageId, pedalsId) VALUES(62		  , 71			 , 15		 , 2)
INSERT INTO dbo.Groopsets(groopsetId, transmitionId, carriageId, pedalsId) VALUES(63		  , 50			 , 15		 , 2)
INSERT INTO dbo.Groopsets(groopsetId, transmitionId, carriageId, pedalsId) VALUES(64		  , 72			 , 15		 , 2)
INSERT INTO dbo.Groopsets(groopsetId, transmitionId, carriageId, pedalsId) VALUES(65		  , 51			 , 14		 , 2)
INSERT INTO dbo.Groopsets(groopsetId, transmitionId, carriageId, pedalsId) VALUES(66		  , 52			 , 15		 , 2)
INSERT INTO dbo.Groopsets(groopsetId, transmitionId, carriageId, pedalsId) VALUES(67		  , 53			 , 15		 , 2)
INSERT INTO dbo.Groopsets(groopsetId, transmitionId, carriageId, pedalsId) VALUES(68		  , 73			 , 15		 , 2)
INSERT INTO dbo.Groopsets(groopsetId, transmitionId, carriageId, pedalsId) VALUES(69		  , 74			 , 14		 , 2)
INSERT INTO dbo.Groopsets(groopsetId, transmitionId, carriageId, pedalsId) VALUES(70		  , 55			 , 15		 , 2)
INSERT INTO dbo.Groopsets(groopsetId, transmitionId, carriageId, pedalsId) VALUES(71		  , 56			 , 15		 , 2)
INSERT INTO dbo.Groopsets(groopsetId, transmitionId, carriageId, pedalsId) VALUES(72		  , 75			 , 14		 , 2)
INSERT INTO dbo.Groopsets(groopsetId, transmitionId, carriageId, pedalsId) VALUES(73		  , 58			 , 19		 , 5)
INSERT INTO dbo.Groopsets(groopsetId, transmitionId, carriageId, pedalsId) VALUES(74		  , 59			 , 4		 , 5)
INSERT INTO dbo.Groopsets(groopsetId, transmitionId, carriageId, pedalsId) VALUES(75		  , 60			 , 6		 , 2)
INSERT INTO dbo.Groopsets(groopsetId, transmitionId, carriageId, pedalsId) VALUES(76		  , 61			 , 19		 , 6)
INSERT INTO dbo.Groopsets(groopsetId, transmitionId, carriageId, pedalsId) VALUES(77		  , 62			 , 19		 , 6)
INSERT INTO dbo.Groopsets(groopsetId, transmitionId, carriageId, pedalsId) VALUES(78		  , 63			 , 4		 , 2)
INSERT INTO dbo.Groopsets(groopsetId, transmitionId, carriageId, pedalsId) VALUES(79		  , 61			 , 19		 , 7)
INSERT INTO dbo.Groopsets(groopsetId, transmitionId, carriageId, pedalsId) VALUES(80		  , 63			 , 4		 , 7)

SET IDENTITY_INSERT dbo.Groopsets OFF;


SET IDENTITY_INSERT dbo.Frames ON;

INSERT INTO dbo.Frames(frameId, frameName, frameDescription, frameQuantity) 
								  VALUES(1, 'Alpha Silver Aluminium',				'Колеса 27.5": XS, S. Колеса 29": M, M/L, L, XL, XXL Внутрішнє проведення тросів перемикачів, гідролінії заднього гальма та дроппер-посту, інтегроване кріплення підніжки та багажника', 65)
INSERT INTO dbo.Frames(frameId, frameName, frameDescription, frameQuantity) VALUES(2, 'Alpha Silver Aluminium',				'Колеса 27.5": XS, S. Колеса 29": M, M/L, L, XL, XXL Внутрішнє проведення тросів перемикачів, гідролінії заднього гальма та дроппер-посту, інтегроване кріплення підніжки та багажника, вісь ThruSkew', 65)
INSERT INTO dbo.Frames(frameId, frameName, frameDescription, frameQuantity) VALUES(3, 'Alpha Gold Aluminum',					'Колеса 27.5": XS, S. Колеса 29": M, M/L, L, XL, XXL Внутрішнє проведення тросів перемикачів, гідролінії заднього гальма та дроппер-посту, конусна рульова, інтегроване кріплення підніжки та багажника, Boost 141', 65)
INSERT INTO dbo.Frames(frameId, frameName, frameDescription, frameQuantity) VALUES(4, 'Alpha Gold Aluminum',					'Колеса 29": S, M, M/L, L, XL, XXL Внутрішнє проведення тросів перемикачів, гідролінії заднього гальма та дроппер-посту, конусна рульова, ISCG 05, Boost 141', 65)
INSERT INTO dbo.Frames(frameId, frameName, frameDescription, frameQuantity) VALUES(5, 'OCLV Mountain Carbon',					'Колеса 29": S, M, M/L, L, XL, XXL IsoSpeed, конусна рульова, Knock Block внутрішня маршрутизація, Boost148', 65)
INSERT INTO dbo.Frames(frameId, frameName, frameDescription, frameQuantity) VALUES(6, 'OCLV Mountain Carbon',					'Колеса 27.5": S, M, L, XL Конусна рульова, внутрішня маршрутизація тросів перемикачів та дропер-посту, регульовані дропаути Stranglehold', 65)
INSERT INTO dbo.Frames(frameId, frameName, frameDescription, frameQuantity) VALUES(7, 'Alpha Platinum Aluminum',				'Колеса 29": S, M, M/L, L, XL, XXL BITS, Конусна рульова, захисний обмежувач рульової Knock Block 2.0, внутрішня маршрутизація, захист нижньої труби рами, магнієвий рокер-лінк, Mino Link, ABP, Boost148, хід 120 мм', 65)
INSERT INTO dbo.Frames(frameId, frameName, frameDescription, frameQuantity) VALUES(8, 'OCLV Mountain Carbon',					'Колеса 29": S, M, M/L, L, XL BITS, Конусна рульова, захисний обмежувач рульової Knock Block 2.0, внутрішня маршрутизація, захист нижньої труби рами, магнієвий рокер-лінк, Mino Link, ABP, Boost148, хід 120 мм', 65)
INSERT INTO dbo.Frames(frameId, frameName, frameDescription, frameQuantity) VALUES(9, 'Alpha Platinum Aluminum',				'Колеса 27.5": S, M, M/L, L, XL Конусна рульова, захисний обмежувач рульової Knock Block, внутрішня маршрутизація Control Freak, захист нижньої труби рами, ISCG 05, магнієвий рокер-лінк, Mino Link, ABP, Boost148, амортизатор з ходом 130 мм', 65)
INSERT INTO dbo.Frames(frameId, frameName, frameDescription, frameQuantity) VALUES(10,'OCLV Mountain Carbon',					'Колеса 29": S, M, M/L, L, XL BITS, конусна рульова, внутрішня маршрутизація, захист нижньої труби рами, ISCG 05, магнієвий рокер-лінк, Mino Link, ABP, UDH, Boost148, хід 140 мм', 65)
INSERT INTO dbo.Frames(frameId, frameName, frameDescription, frameQuantity) VALUES(11,'Alpha Platinum Aluminum',				'Колеса 29": S, M, M/L, L, XL BITS, конусна рульова, захисний обмежувач рульової Knock Block 2.0, внутрішня маршрутизація Control Freak, захист нижньої труби рами, ISCG 05, магнієвий рокер-лінк, Mino Link, ABP, Boost148, хід 160 мм', 65)
INSERT INTO dbo.Frames(frameId, frameName, frameDescription, frameQuantity) VALUES(12,'OCLV Mountain Carbon',					'Колеса 29": S, M, M/L, L, XL BITS, конусна рульова, захисний обмежувач рульової Knock Block 2.0, внутрішня маршрутизація Control Freak, захист нижньої труби Carbon Armor, ISCG 05, магнієвий рокер-лінк, Mino Link, ABP, Boost 148, хід 160 мм', 65)
INSERT INTO dbo.Frames(frameId, frameName, frameDescription, frameQuantity) VALUES(13,'Alpha Platinum Aluminum',				'Колеса 29": R1, R2, R3 Інтегрований захист рами, внутрішня або зовнішня маршрутизація, магнієвий рокер-лінк, Mino Link, ISCG 05, ABP, хід 200 мм', 65)
INSERT INTO dbo.Frames(frameId, frameName, frameDescription, frameQuantity) VALUES(14,'OCLV Mountain Carbon',					'Колеса 29": S, M, M/L, L, XL, XXL IsoStrut, конусна рульова, захисний обмежувач рульової Knock Block, внутрішня маршрутизація Control Freak, Boost 148, хід 60 мм', 65)
INSERT INTO dbo.Frames(frameId, frameName, frameDescription, frameQuantity) VALUES(15,'500 Series OCLV Carbon',				'Колеса 28": 47, 50, 52, 54, 56, 58, 60, 62 см Профіль труб рами KVF (Kammtail Virtual Foil), задній демпфер IsoSpeed з регулюванням, внутрішня маршрутизація, аеродинамічний утримувач ланцюга 3S, сумісність з Duo Trap S', 65)
INSERT INTO dbo.Frames(frameId, frameName, frameDescription, frameQuantity) VALUES(16,'800 Series OCLV Carbon',				'Колеса 28": 47, 50, 52, 54, 56, 58, 60, 62 см Геометрія: H1.5 Race Профіль труб рами KVF (Kammtail Virtual Foil), задній демпфер IsoSpeed з регулюванням, внутрішня маршрутизація, аеродинамічний утримувач ланцюга 3S, сумісність з Duo Trap S', 65)
INSERT INTO dbo.Frames(frameId, frameName, frameDescription, frameQuantity) VALUES(17,'800 Series OCLV Carbon',				'Колеса 28": 47, 50, 52, 54, 56, 58, 60, 62 см Геометрія: H1.5 Race Профіль труб рами KVF (Kammtail Virtual Foil) , задній демпфер IsoSpeed з регулюванням, внутрішня маршрутизація, каретка Т47, підсідельний штир з мікроналаштуванням, 3S аеродинамічний утримувач ланцюга, сумісність з Duo Trap S', 65)
INSERT INTO dbo.Frames(frameId, frameName, frameDescription, frameQuantity) VALUES(18,'Ultralight 800 Series OCLV Carbon',	'Колеса 28": 47, 50, 52, 54, 56, 58, 60, 62 см Профіль труб рами KVF (Kammtail Virtual Foil) , задній демпфер IsoSpeed з регулюванням, внутрішня маршрутизація, каретка Т47, підсідельний штир з мікроналаштуванням, 3S аеродинамічний утримувач ланцюга, сумісність з Duo Trap S', 65)
INSERT INTO dbo.Frames(frameId, frameName, frameDescription, frameQuantity) VALUES(19,'800 Series OCLV Carbon',				'Колеса 28": S, M, L, XL Аеродинамічний профіль труб рами KVF (Kammtail Virtual Foil), каретка T47, простір для зберігання речей Bento, простір для зберігання інструменту', 65)
INSERT INTO dbo.Frames(frameId, frameName, frameDescription, frameQuantity) VALUES(20,'100 Series Alpha Aluminum',			'Колеса 28": 52, 54, 56, 58, 61 см Конусна рульова, внутрішня маршрутизація, кріплення для крил, сумісна з DuoTrap S', 65)
INSERT INTO dbo.Frames(frameId, frameName, frameDescription, frameQuantity) VALUES(21,'500 Series OCLV Carbon',				'Колеса 28": 52, 54, 56, 58, 61 см Front & Rear IsoSpeed, BITS, конусна рульова, внутрішня маршрутизація, утримувач ланцюга 3S, сумісна з DuoTrap S, кріплення для крил', 65)
INSERT INTO dbo.Frames(frameId, frameName, frameDescription, frameQuantity) VALUES(22,'800 Series OCLV Carbon',				'Колеса 28": 52, 54, 56, 58, 61 см IsoSpeed, BITS, конусна рульова, внутрішня маршрутизація, утримувач ланцюга 3S, сумісність з DuoTrap S, кріплення для крил', 65)
INSERT INTO dbo.Frames(frameId, frameName, frameDescription, frameQuantity) VALUES(23,'300 Series Alpha Aluminum',			'Колеса 28": 52, 54, 56, 58, 61 см Конусна рульова, внутрішня маршрутизація, утримувач ланцюга 3S, кріплення для крил та багажника', 65)
INSERT INTO dbo.Frames(frameId, frameName, frameDescription, frameQuantity) VALUES(24,'500 Series OCLV Carbon',				'Колеса 28": 52, 54, 56, 58, 61 см IsoSpeed, внутрішня маршрутизація, конусна рульова, утримувач ланцюга 3S, BITS, кріплення для крил та багажника, можливіть встановлення дроппер посту', 65)
INSERT INTO dbo.Frames(frameId, frameName, frameDescription, frameQuantity) VALUES(25,'700 Series OCLV Carbon',				'Колеса 28": 52, 54, 56, 58, 61 см IsoSpeed, внутрішня маршрутизація, конусна рульова, утримувач ланцюга, BITS, кріплення для крил та багажника', 65)
INSERT INTO dbo.Frames(frameId, frameName, frameDescription, frameQuantity) VALUES(26,'600 Series OCLV Carbon',				'Колеса 28": 49, 52, 54, 56, 58, 60, 61 см Front & Rear IsoSpeed, конусна рульова, внутрішня маршрутизація, утримувач ланцюга 3S', 65)
INSERT INTO dbo.Frames(frameId, frameName, frameDescription, frameQuantity) VALUES(27,'Trek butted chromoly disc touring',	'Колеса 28": 51, 54, 57, 60, 63 см Внутрішня антикорозійна обробка, кріплення крил та багажника, передній та задній багажники', 65)
INSERT INTO dbo.Frames(frameId, frameName, frameDescription, frameQuantity) VALUES(28,'Alpha Platinum Aluminum',				'Колеса 29": S, M, M/L, L, XL Конусна рульова, внутрішнє проведення тросів перемикачів та дропер-посту, дропаути Stranglehold, кріплення багажника, Boost148', 65)
INSERT INTO dbo.Frames(frameId, frameName, frameDescription, frameQuantity) VALUES(29,'Alpha Gold Aluminum',					'Колеса 27.5": S, M, L, XL Сумісна з DuoTrap S, внутрішня маршрутизація, кріплення крил, багажника та підніжки', 65)
INSERT INTO dbo.Frames(frameId, frameName, frameDescription, frameQuantity) VALUES(30,'Alpha Gold Aluminum',					'Колеса 28": S, M, L, XL Сумісна з DuoTrap S, внутрішня маршрутизація, кріплення крил, багажника та підніжки', 65)

SET IDENTITY_INSERT dbo.Frames OFF;

SET IDENTITY_INSERT dbo.Forks ON;

INSERT INTO dbo.Forks(forkId, forkName, forkDescription, forkQuantity)
								 VALUES(1, 'SR Suntour XCE 28',											'Пружинна, регулювання навантаження, хід 100 мм ( у розмірі XS - хід 80 мм)', 49)
INSERT INTO dbo.Forks(forkId, forkName, forkDescription, forkQuantity) VALUES(2, 'SR Suntour XCT 30',											'Пружинна, регулювання навантаження, хід 100 мм ( у розмірі XS - хід 80 мм)', 49)
INSERT INTO dbo.Forks(forkId, forkName, forkDescription, forkQuantity) VALUES(3, 'RockShox Judy',												'Пружинна, регулювання навантаження, хід 100 мм ( у розмірі XS - хід 80 мм)', 49)
INSERT INTO dbo.Forks(forkId, forkName, forkDescription, forkQuantity) VALUES(4, 'RockShox Judy Sіlver',										'Solo Air, регулювання навантаження, гідравлічний локаут TurnKey, 100 мм ( у розмірі XS - хід 80 мм)', 49)
INSERT INTO dbo.Forks(forkId, forkName, forkDescription, forkQuantity) VALUES(5, 'RockShox Judy SL',											'Solo Air, регулювання навантаження, гідравлічний локаут TurnKey, 100 мм ( у розмірі XS - хід 80 мм)', 49)
INSERT INTO dbo.Forks(forkId, forkName, forkDescription, forkQuantity) VALUES(6, 'RockShox Recon Silver RL',									'Solo Air, демпфер Moution Control, локаут, конусний шток, офсет 42 мм, Boost110, хід 140 мм', 49)
INSERT INTO dbo.Forks(forkId, forkName, forkDescription, forkQuantity) VALUES(7, 'RockShox 35 Gold RL',										'Debon Air, демпфер Moution Control, локаут, конусний шток, Boost110, хід 140 мм', 49)
INSERT INTO dbo.Forks(forkId, forkName, forkDescription, forkQuantity) VALUES(8, 'Fox Rhythm 36',												'Float EVOL, демпфер GRIP, конусний шток, офсет 44 мм, Boost110, хід 140 мм', 49)
INSERT INTO dbo.Forks(forkId, forkName, forkDescription, forkQuantity) VALUES(9, 'RockShox Judy',												'Solo Air, локаут TurnKey, конусний шток, Boost110, пола вісь 15 мм, хід 100 мм', 49)
INSERT INTO dbo.Forks(forkId, forkName, forkDescription, forkQuantity) VALUES(10,'RockShox Recon Gold RL',									'Debon Air, демпфер Motion Control, блокування (з керуванням на кермі), конусний шток,офсет 42 мм, Boost110, пола вісь 15 мм, хід 100 мм', 49)
INSERT INTO dbo.Forks(forkId, forkName, forkDescription, forkQuantity) VALUES(11,'RockShox Reba RL',											'Solo Air, демпфер Motion Control, блокування (з керуванням на кермі), конусний шток, офсет 42 мм, Boost110, хід 100 мм', 49)
INSERT INTO dbo.Forks(forkId, forkName, forkDescription, forkQuantity) VALUES(12,'Bontrager Haru',											'Ноги OCLV Carbon, конусний шток, пола вісь 15x150 мм', 49)
INSERT INTO dbo.Forks(forkId, forkName, forkDescription, forkQuantity) VALUES(13,'RockShox Recon Silver RL / X-Fusion Pro 2',					'Solo Air, демпфер Motion Control, конусний шток, локаут, офсет 42 мм, хід 120 мм / 2-х позиційний демпфер, 185x50 мм', 49)
INSERT INTO dbo.Forks(forkId, forkName, forkDescription, forkQuantity) VALUES(14,'RockShox 35 Gold RL / Fox Performance Float',				'DebonAir, демпфер Motion Control, конусний шток, локаут, офсет 42 мм, хід 120 мм / DPS 3-х позиційний демпфер, 185x50 мм', 49)
INSERT INTO dbo.Forks(forkId, forkName, forkDescription, forkQuantity) VALUES(15,'Fox Rhythm 34 / Fox Performance Float',						'Float EVOL, демпфер Grip, конусний шток, офсет 44 мм, Boost110, хід 120 мм / DPS 3-х позиційний демпфер, 185x50 мм', 49)
INSERT INTO dbo.Forks(forkId, forkName, forkDescription, forkQuantity) VALUES(16,'RockShox Pike Select+ / RockShox Deluxe Ultimate',			'Debon Air, демпфер Charger 3 RС2, конусний шток, офсет 44 мм, хід 130 мм / RCT 185 x 50 мм', 49)
INSERT INTO dbo.Forks(forkId, forkName, forkDescription, forkQuantity) VALUES(17,'Fox Factory 34 / Fox Factory Float',						'Float EVOL, 2-х позиційний демпфер GRIP2, конусний шток, офсет 44 мм, Kashima Coat, хід 130 мм / 3-х позиційний демпфер DPS, Kashima Coat, 185x50 мм', 49)
INSERT INTO dbo.Forks(forkId, forkName, forkDescription, forkQuantity) VALUES(18,'RockShox Pike Ultimate / RockShox Deluxe Ultimate',			'DebonAir, демпфер Charger 3 RC2, конусний шток, офсет 44 мм, хід 130 мм / RCT, 185 x 50 мм', 49)
INSERT INTO dbo.Forks(forkId, forkName, forkDescription, forkQuantity) VALUES(19,'RockShox Recon Silver / X-Fusion Pro 2',					'Solo Air, демпфер Motion Control, конусний шток, локаут, офсет 42 мм, хід 140 мм (у розмірі XS та S - офсет 46 мм) / 2-х позиційний демпфер, 210x55 мм (у розмірі XS та S - 210x52.5 мм)', 49)
INSERT INTO dbo.Forks(forkId, forkName, forkDescription, forkQuantity) VALUES(20,'RockShox 35 Gold RL / Fox Performance Float EVOL',			'DebonAir, демпфер Motion Control, конусний шток, блокування з керма, офсет 44 мм, хід 150 мм / 3-х позиційний DPS демпфер, tuned by Trek Suspension Lab, 185x55 мм', 49)
INSERT INTO dbo.Forks(forkId, forkName, forkDescription, forkQuantity) VALUES(21,'Fox Rhythm 34 Float EVOL / Fox Performance Float EVOL',		'Демпфер Grip, конусний шток, офсет 44 мм, хід 150 мм / 3-х позиційний DPS демпфер, tuned by Trek Suspension Lab, 185x55 мм', 49)
INSERT INTO dbo.Forks(forkId, forkName, forkDescription, forkQuantity) VALUES(22,'Fox Rhythm 36 Float EVOL / Fox Performance Float X',		'Демпфер Grip, конусний шток, офсет 44 мм, хід 150 мм / 2-х позиційний DPS демпфер, 185x55 мм', 49)
INSERT INTO dbo.Forks(forkId, forkName, forkDescription, forkQuantity) VALUES(23,'Fox Rhythm 36 Float EVOL / Fox Performance Float EVOL',		'Демпфер Grip, конусний шток, офсет 44 мм, хід 140 мм / 3-х позиційний демпфер RE:aktiv з технологією Thru Shaft, tuned by Trek Suspension Lab, 210x55 мм (у розмірі XS та S - 210x52.5 мм)', 49)
INSERT INTO dbo.Forks(forkId, forkName, forkDescription, forkQuantity) VALUES(24,'Fox Performance 36 Float EVOL / Fox Performance Float X',	'Демпфер Grip, конусний шток, офсет 44 мм, хід 150 мм / 2-х позиційний демпфер, 185x55 мм', 49)
INSERT INTO dbo.Forks(forkId, forkName, forkDescription, forkQuantity) VALUES(25,'Fox Performance 36 Float EVOL / Fox Performance Float EVOL','Демпфер Grip, конусний шток, офсет 44 мм, хід 140 мм / 3-х позиційний демпфер RE:aktiv з технологією Thru Shaft, tuned by Trek Suspension Lab, 210x55 мм (у розмірі XS та S - 210x52.5 мм)', 49)
INSERT INTO dbo.Forks(forkId, forkName, forkDescription, forkQuantity) VALUES(26,'Fox Factory 36 Float EVOL / Fox Factory Float X',			'Демпфер GRIP2, конусний шток, Kashima Coat, хід 150 мм / 2-х позиційний демпфер, 185x55 мм', 49)
INSERT INTO dbo.Forks(forkId, forkName, forkDescription, forkQuantity) VALUES(27,'Fox Factory 36 Float EVOL / Fox Factory Float EVOL',		'Демпфер GRIP2, конусний шток, Kashima Coat, хід 150 мм / 3-хпозиційний демпфер RE:aktiv з технологією Thru Shaft, Kashima Coat, tuned by Trek Suspension Lab, 210x55 мм (у розмірі XS та S - 210x52.5 мм)', 49)
INSERT INTO dbo.Forks(forkId, forkName, forkDescription, forkQuantity) VALUES(28,'RockShox ZEB Select / RockShox Super Deluxe Select+',		'DebonAir, демпфер Charger 2.1 RC, конусний шток, хід 170 мм / RT, 230x62.5 мм', 49)
INSERT INTO dbo.Forks(forkId, forkName, forkDescription, forkQuantity) VALUES(29,'Fox Rhythm 36 Float EVOL / Fox Performance Float X',		'Демпфер GRIP, конусний шток, офсет 44 мм, хід 170 мм / 2-х позиційний DPS демпфер, 230x62.5 мм', 49)
INSERT INTO dbo.Forks(forkId, forkName, forkDescription, forkQuantity) VALUES(30,'RockShox ZEB Select+ / RockShox Super Deluxe Select+',		'DebonAir, демпфер Charger 3 RC2, конусний шток, офсет 44 мм, хід 170 мм / RT, 230x62.5 мм', 49)
INSERT INTO dbo.Forks(forkId, forkName, forkDescription, forkQuantity) VALUES(31,'RockShox ZEB Ultimate / RockShox Super Deluxe Ultimate',	'DebonAir, демпфер Charger 3 RC2, конусний шток, офсет 44 мм, хід 170 мм / RCT2, 230x62.5 мм', 49)
INSERT INTO dbo.Forks(forkId, forkName, forkDescription, forkQuantity) VALUES(32,'RockShox ZEB Ultimate / RockShox Super Deluxe Ultimate',	'Flight Attendant, DebonAir, демпфер Charger 3 RC2, конусний шток, офсет 44 мм, хід 170 мм / Flight Attendant, RCT2, 230x62.5 мм', 49)
INSERT INTO dbo.Forks(forkId, forkName, forkDescription, forkQuantity) VALUES(33,'RockShox Boxxer Select / Marzocchi Bomber',					'DebonAir, демпфер Charger RC, офсет 46 мм, хід 200 мм / 400-500lb, 250x72.5 мм', 49)
INSERT INTO dbo.Forks(forkId, forkName, forkDescription, forkQuantity) VALUES(34,'RockShox Boxxer Ultimate / RockShox Super Deluxe Ultimate',	'DebonAir, демпфер Charger 2.1 RC2, офсет 46 мм, хід 200 мм / DH RC2, 250x72.5 мм', 49)
INSERT INTO dbo.Forks(forkId, forkName, forkDescription, forkQuantity) VALUES(35,'RockShox Recon Gold RL / Trek IsoStrut',					'Debon Air, демпфер Motion Control, блокування (з керуванням на кермі), конусний шток,офсет 42 мм, Boost110, пола вісь 15 мм, хід 100 мм / Fox Performance, повітряна пружина, 2-х позиційний демпфер DPS, 235х32.5 мм', 49)
INSERT INTO dbo.Forks(forkId, forkName, forkDescription, forkQuantity) VALUES(36,'RockShox Reba RL / Trek IsoStrut',							'Solo Air, демпфер Motion Control, блокування (з керуванням на кермі), конусний шток, офсет 42 мм, Boost110, хід 100 мм / Fox Performance, повітряна пружина, 2-х позиційний демпфер DPS, 235х32.5 мм', 49)
INSERT INTO dbo.Forks(forkId, forkName, forkDescription, forkQuantity) VALUES(37,'Fox Performance 32 / Trek IsoStrut',						'Step-Cast, Float EVOL, 2-х позиційний демпфер GRIP, подвійне блокування (з керуванням на кермі), конусний шток, офсет 44 мм, Boost110, пола вісь Kabolt 15 мм, хід 100 мм / Fox Performance, повітряна пружина, 2-х позиційний демпфер DPS, 235х32.5 мм', 49)
INSERT INTO dbo.Forks(forkId, forkName, forkDescription, forkQuantity) VALUES(38,'Fox Performance 32 / Trek IsoStrut',						'Step-Cast, Float EVOL, 2-х позиційний демпфер FIT 4, подвійне блокування (з керуванням на кермі), конусний шток, Kashima Coat, офсет 44 мм, Boost110, пола вісь Kabolt 15 мм, хід 100 мм / Fox Factory, повітряна пружина, 2-х позиційний демпфер DPS, Kashima Coat, 235х32.5 мм', 49)
INSERT INTO dbo.Forks(forkId, forkName, forkDescription, forkQuantity) VALUES(39,'RockShox SID SL Ultimate / Trek IsoStrut',					'DebonAir, демпфер Charger Race Day, конусний шток, офсет 44 мм, Boost110, хід 100 мм  / Fox Factory, повітряна пружина, 2-х позиційний демпфер DPS, Kashima Coat, 235х32.5 мм', 49)
INSERT INTO dbo.Forks(forkId, forkName, forkDescription, forkQuantity) VALUES(40,'Madone KVF Full Сarbon',									'Карбоновий конусний шток, внутрішня маршрутизація, карбонові дропаути', 49)
INSERT INTO dbo.Forks(forkId, forkName, forkDescription, forkQuantity) VALUES(41,'Emonda SLR Full Carbon',									'Карбоновий конусний шток, внутрішне проведення гідролінії гальм', 49)
INSERT INTO dbo.Forks(forkId, forkName, forkDescription, forkQuantity) VALUES(42,'SC Сarbon',													'Інтегрований винос та гальма', 49)
INSERT INTO dbo.Forks(forkId, forkName, forkDescription, forkQuantity) VALUES(43,'Domane AL Carbon',											'Конусний алюмінієвий шток, внутрішня маршрутизація гідролінії гальм, кріплення для крил', 49)
INSERT INTO dbo.Forks(forkId, forkName, forkDescription, forkQuantity) VALUES(44,'Domane SL Carbon',											'Конусний алюмінієвий шток, карбоновий конусний шток, внутрішня маршрутизація, кріплення для крил', 49)
INSERT INTO dbo.Forks(forkId, forkName, forkDescription, forkQuantity) VALUES(45,'Domane SLR Carbon',											'Карбоновий конусний шток, внутрішне проведення гідролінії гальм, карбонові дропаути', 49)
INSERT INTO dbo.Forks(forkId, forkName, forkDescription, forkQuantity) VALUES(46,'Checkpoint Сarbon',											'Алюмінієвий конусний шток, кріплення для крил та багажника', 49)
INSERT INTO dbo.Forks(forkId, forkName, forkDescription, forkQuantity) VALUES(47,'Trek IsoSpeed Cross',										'Карбонова, конусний шток', 49)
INSERT INTO dbo.Forks(forkId, forkName, forkDescription, forkQuantity) VALUES(48,'Aluminum disc touring fork',								'Багажні кріплення, вісь ThruSkew', 49)
INSERT INTO dbo.Forks(forkId, forkName, forkDescription, forkQuantity) VALUES(49,'1120 Adventure HCM Carbon',									'Boost110, кріплення багажника', 49)
INSERT INTO dbo.Forks(forkId, forkName, forkDescription, forkQuantity) VALUES(50,'Dual Sport',												'Сталева, внутрішня маршрутизація лінії гальм, кріплення для крил та байкпакінгу', 49)
INSERT INTO dbo.Forks(forkId, forkName, forkDescription, forkQuantity) VALUES(51,'SR Suntour NEX',											'Пружинна, регулювання преднавантаження, гідравличне блокування, хід 63 мм', 49)
INSERT INTO dbo.Forks(forkId, forkName, forkDescription, forkQuantity) VALUES(52,'FX',														'Алюмінієва, кріплення для багажника та крил, вісь ThruSkew, кріплення гальм Flat mount', 49)

SET IDENTITY_INSERT dbo.Forks OFF;

SET IDENTITY_INSERT dbo.Framesets ON;		

INSERT INTO dbo.Framesets	   (framesetId, frameId, forkId) 
								 VALUES(1		  , 1	   , 1)
INSERT INTO dbo.Framesets(framesetId, frameId, forkId) VALUES(2		  , 1	   , 2)
INSERT INTO dbo.Framesets(framesetId, frameId, forkId) VALUES(3		  , 1	   , 3)
INSERT INTO dbo.Framesets(framesetId, frameId, forkId) VALUES(4		  , 1	   , 4)
INSERT INTO dbo.Framesets(framesetId, frameId, forkId) VALUES(5		  , 2	   , 2)
INSERT INTO dbo.Framesets(framesetId, frameId, forkId) VALUES(6		  , 2	   , 3)
INSERT INTO dbo.Framesets(framesetId, frameId, forkId) VALUES(7		  , 2	   , 4)
INSERT INTO dbo.Framesets(framesetId, frameId, forkId) VALUES(8		  , 3	   , 5)
INSERT INTO dbo.Framesets(framesetId, frameId, forkId) VALUES(9		  , 4	   , 6)
INSERT INTO dbo.Framesets(framesetId, frameId, forkId) VALUES(10		  , 4	   , 7)
INSERT INTO dbo.Framesets(framesetId, frameId, forkId) VALUES(11		  , 4	   , 8)
INSERT INTO dbo.Framesets(framesetId, frameId, forkId) VALUES(12		  , 5	   , 9)
INSERT INTO dbo.Framesets(framesetId, frameId, forkId) VALUES(13		  , 5	   , 10)
INSERT INTO dbo.Framesets(framesetId, frameId, forkId) VALUES(14		  , 5	   , 11)
INSERT INTO dbo.Framesets(framesetId, frameId, forkId) VALUES(15		  , 6	   , 12)
INSERT INTO dbo.Framesets(framesetId, frameId, forkId) VALUES(16		  , 7	   , 13)
INSERT INTO dbo.Framesets(framesetId, frameId, forkId) VALUES(17		  , 7	   , 14)
INSERT INTO dbo.Framesets(framesetId, frameId, forkId) VALUES(18		  , 7	   , 15)
INSERT INTO dbo.Framesets(framesetId, frameId, forkId) VALUES(19		  , 8	   , 15)
INSERT INTO dbo.Framesets(framesetId, frameId, forkId) VALUES(20		  , 8	   , 16)
INSERT INTO dbo.Framesets(framesetId, frameId, forkId) VALUES(21		  , 8	   , 17)
INSERT INTO dbo.Framesets(framesetId, frameId, forkId) VALUES(22		  , 8	   , 18)
INSERT INTO dbo.Framesets(framesetId, frameId, forkId) VALUES(23		  , 9	   , 19)
INSERT INTO dbo.Framesets(framesetId, frameId, forkId) VALUES(24		  , 9	   , 20)
INSERT INTO dbo.Framesets(framesetId, frameId, forkId) VALUES(25		  , 9	   , 21)
INSERT INTO dbo.Framesets(framesetId, frameId, forkId) VALUES(26		  , 10	   , 22)
INSERT INTO dbo.Framesets(framesetId, frameId, forkId) VALUES(27		  , 10	   , 23)
INSERT INTO dbo.Framesets(framesetId, frameId, forkId) VALUES(28		  , 10	   , 24)
INSERT INTO dbo.Framesets(framesetId, frameId, forkId) VALUES(29		  , 10	   , 25)
INSERT INTO dbo.Framesets(framesetId, frameId, forkId) VALUES(30		  , 10	   , 26)
INSERT INTO dbo.Framesets(framesetId, frameId, forkId) VALUES(31		  , 10	   , 27)
INSERT INTO dbo.Framesets(framesetId, frameId, forkId) VALUES(32		  , 11	   , 28)
INSERT INTO dbo.Framesets(framesetId, frameId, forkId) VALUES(33		  , 12	   , 29)
INSERT INTO dbo.Framesets(framesetId, frameId, forkId) VALUES(34		  , 12	   , 30)
INSERT INTO dbo.Framesets(framesetId, frameId, forkId) VALUES(35		  , 12	   , 31)
INSERT INTO dbo.Framesets(framesetId, frameId, forkId) VALUES(36		  , 12	   , 32)
INSERT INTO dbo.Framesets(framesetId, frameId, forkId) VALUES(37		  , 13	   , 33)
INSERT INTO dbo.Framesets(framesetId, frameId, forkId) VALUES(38		  , 13	   , 34)
INSERT INTO dbo.Framesets(framesetId, frameId, forkId) VALUES(39		  , 14	   , 35)
INSERT INTO dbo.Framesets(framesetId, frameId, forkId) VALUES(40		  , 14	   , 36)
INSERT INTO dbo.Framesets(framesetId, frameId, forkId) VALUES(41		  , 14	   , 37)
INSERT INTO dbo.Framesets(framesetId, frameId, forkId) VALUES(42		  , 14	   , 38)
INSERT INTO dbo.Framesets(framesetId, frameId, forkId) VALUES(43		  , 14	   , 39)
INSERT INTO dbo.Framesets(framesetId, frameId, forkId) VALUES(44		  , 15	   , 40)
INSERT INTO dbo.Framesets(framesetId, frameId, forkId) VALUES(45		  , 16	   , 40)
INSERT INTO dbo.Framesets(framesetId, frameId, forkId) VALUES(46		  , 17	   , 40)
INSERT INTO dbo.Framesets(framesetId, frameId, forkId) VALUES(47		  , 18	   , 41)
INSERT INTO dbo.Framesets(framesetId, frameId, forkId) VALUES(48		  , 19	   , 42)
INSERT INTO dbo.Framesets(framesetId, frameId, forkId) VALUES(49		  , 20	   , 43)
INSERT INTO dbo.Framesets(framesetId, frameId, forkId) VALUES(50		  , 21	   , 44)
INSERT INTO dbo.Framesets(framesetId, frameId, forkId) VALUES(51		  , 22	   , 45)
INSERT INTO dbo.Framesets(framesetId, frameId, forkId) VALUES(52		  , 23	   , 46)
INSERT INTO dbo.Framesets(framesetId, frameId, forkId) VALUES(53		  , 24	   , 46)
INSERT INTO dbo.Framesets(framesetId, frameId, forkId) VALUES(54		  , 25	   , 46)
INSERT INTO dbo.Framesets(framesetId, frameId, forkId) VALUES(55		  , 26	   , 47)
INSERT INTO dbo.Framesets(framesetId, frameId, forkId) VALUES(56		  , 27	   , 48)
INSERT INTO dbo.Framesets(framesetId, frameId, forkId) VALUES(57		  , 28	   , 49)
INSERT INTO dbo.Framesets(framesetId, frameId, forkId) VALUES(58		  , 29	   , 50)
INSERT INTO dbo.Framesets(framesetId, frameId, forkId) VALUES(59		  , 29	   , 51)
INSERT INTO dbo.Framesets(framesetId, frameId, forkId) VALUES(60		  , 30	   , 52)

SET IDENTITY_INSERT dbo.Framesets OFF;


SET IDENTITY_INSERT dbo.Brakes ON;

INSERT INTO dbo.Brakes(brakeId, brakeName) 
									VALUES(1, 'Tektro MD-280 дискові, механічні')
INSERT INTO dbo.Brakes(brakeId, brakeName)	VALUES(2, 'Tektro HD-275 дискові, гідравлічні (на XS та S: Tektro HD-276 з короткими гальмівними ручками)') 
INSERT INTO dbo.Brakes(brakeId, brakeName)	VALUES(3, 'Shimano MT200 дискові, гідравлічні') 
INSERT INTO dbo.Brakes(brakeId, brakeName)	VALUES(4, 'Shimano MT420 дискові, гідравлічні') 
INSERT INTO dbo.Brakes(brakeId, brakeName)	VALUES(5, 'Shimano M6120, дискові, гідравлічні') 
INSERT INTO dbo.Brakes(brakeId, brakeName)	VALUES(6, 'Shimano MT4100 дискові, гідравлічні') 
INSERT INTO dbo.Brakes(brakeId, brakeName)	VALUES(7, 'Shimano MT500, дискові, гідравлічні') 
INSERT INTO dbo.Brakes(brakeId, brakeName)	VALUES(8, 'SRAM Level TL, дискові, гідравлічні') 
INSERT INTO dbo.Brakes(brakeId, brakeName)	VALUES(9, 'Shimano XT M8120, дискові, гідравлічні') 
INSERT INTO dbo.Brakes(brakeId, brakeName)	VALUES(10,'SRAM G2 RS 4-поршневі, дискові, гідравлічні') 
INSERT INTO dbo.Brakes(brakeId, brakeName)	VALUES(11,'Shimano XTR M9100, дискові, гідравлічні') 
INSERT INTO dbo.Brakes(brakeId, brakeName)	VALUES(12,'SRAM G2 Ultimate, дискові, гідравлічні, карбонові ручки') 
INSERT INTO dbo.Brakes(brakeId, brakeName)	VALUES(13,'Shimano MT6100, дискові, гідравлічні, 4-х поршневі') 
INSERT INTO dbo.Brakes(brakeId, brakeName)	VALUES(14,'Shimano Deore M6100, дискові, гідравлічні, 4-х поршневі') 
INSERT INTO dbo.Brakes(brakeId, brakeName)	VALUES(15,'Shimano XT M8120, дискові, гідравлічні, 4-х поршневі') 
INSERT INTO dbo.Brakes(brakeId, brakeName)	VALUES(16,'SRAM Code R, дискові, гідравлічні, 4-х поршневі') 
INSERT INTO dbo.Brakes(brakeId, brakeName)	VALUES(17,'Shimano SLX M7120, дискові, гідравлічні, 4-х поршневі') 
INSERT INTO dbo.Brakes(brakeId, brakeName)	VALUES(18,'SRAM G2 RS дискові, дискові, гідравлічні') 
INSERT INTO dbo.Brakes(brakeId, brakeName)	VALUES(19,'Shimano XTR M9120, дискові, гідравлічні, 4-х поршневі') 
INSERT INTO dbo.Brakes(brakeId, brakeName)	VALUES(20,'SRAM G2 RSС, дискові, гідравлічні, 4-х поршневі') 
INSERT INTO dbo.Brakes(brakeId, brakeName)	VALUES(21,'Shimano М6100, дискові, гідравлічні, 4-х поршневі') 
INSERT INTO dbo.Brakes(brakeId, brakeName)	VALUES(22,'SRAM Code RSC, дискові, гідравлічні, 4-х поршневі') 
INSERT INTO dbo.Brakes(brakeId, brakeName)	VALUES(23,'SRAM CODE Bronze, дискові, гідравлічні, 4-х поршневі') 
INSERT INTO dbo.Brakes(brakeId, brakeName)	VALUES(24,'Shimano M4100, дискові, гідравлічні') 
INSERT INTO dbo.Brakes(brakeId, brakeName)	VALUES(25,'Shimano XT M8100, дискові, гідравлічні') 
INSERT INTO dbo.Brakes(brakeId, brakeName)	VALUES(26,'SRAM Level TLM, дискові, гідравлічні') 
INSERT INTO dbo.Brakes(brakeId, brakeName)	VALUES(27,'SRAM Level Ultimate, дискові гідравлічні, карбонові ручки') 
INSERT INTO dbo.Brakes(brakeId, brakeName)	VALUES(28,'Shimano 105, дискові, гідравлічні') 
INSERT INTO dbo.Brakes(brakeId, brakeName)	VALUES(29,'Shimano Ultegra, дискові, гідравлічні') 
INSERT INTO dbo.Brakes(brakeId, brakeName)	VALUES(30,'SRAM Rival, дискові, гідравлічні') 
INSERT INTO dbo.Brakes(brakeId, brakeName)	VALUES(31,'SRAM Force, дискові, гідравлічні') 
INSERT INTO dbo.Brakes(brakeId, brakeName)	VALUES(32,'Shimano Dura-Ace, дискові, гідравлічні') 
INSERT INTO dbo.Brakes(brakeId, brakeName)	VALUES(33,'SRAM Red, дискові, гідравлічні') 
INSERT INTO dbo.Brakes(brakeId, brakeName)	VALUES(34,'SRAM Paceline, дискові, гідравлічні') 
INSERT INTO dbo.Brakes(brakeId, brakeName)	VALUES(35,'Tektro C550, дискові, механічні') 
INSERT INTO dbo.Brakes(brakeId, brakeName)	VALUES(36,'Shimano Tiagra, дискові, гідравлічні') 
INSERT INTO dbo.Brakes(brakeId, brakeName)	VALUES(37,'Shimano RX400, дискові, гідравлічні') 
INSERT INTO dbo.Brakes(brakeId, brakeName)	VALUES(38,'TRP Spyre C 2.0, дискові, механічні') 
INSERT INTO dbo.Brakes(brakeId, brakeName)	VALUES(39,'Shimano MT520, дискові, гідравлічні, 4-х поршневі') 
INSERT INTO dbo.Brakes(brakeId, brakeName)	VALUES(40,'Tektro MD-U310, дискові, механічні') 
INSERT INTO dbo.Brakes(brakeId, brakeName)	VALUES(41,'C-Star BH-RS925T дискові, гідравлічні') 
INSERT INTO dbo.Brakes(brakeId, brakeName)	VALUES(42,'Tektro HD-R280 дискові, гідравлічні') 

SET IDENTITY_INSERT dbo.Brakes OFF;

SET IDENTITY_INSERT dbo.Saddles ON;

INSERT INTO dbo.Saddles(saddleId, saddleName) 
										VALUES(1, 'Bontrager Arvada, рейки - сталеві')
INSERT INTO dbo.Saddles(saddleId, saddleName)		VALUES(2, 'Bontrager Arvada, рейки - хромолеві')
INSERT INTO dbo.Saddles(saddleId, saddleName)		VALUES(3, 'Bontrager P3 Verse Elite. рейки - нерж. сталь')
INSERT INTO dbo.Saddles(saddleId, saddleName)		VALUES(4, 'Bontrager Arvada, рейки - аустенітові')
INSERT INTO dbo.Saddles(saddleId, saddleName)		VALUES(5, 'Bontrager Arvada Pro, рейки - карбонові')
INSERT INTO dbo.Saddles(saddleId, saddleName)		VALUES(6, 'Bontrager P3 Verse Elite, рейки - аустенітові')
INSERT INTO dbo.Saddles(saddleId, saddleName)		VALUES(7, 'Bontrager P3 Verse Pro, рейки - карбонові')
INSERT INTO dbo.Saddles(saddleId, saddleName)		VALUES(8, 'Bontrager Aeolus Comp, рейки - сталеві')
INSERT INTO dbo.Saddles(saddleId, saddleName)		VALUES(9, 'Bontrager Aeolus Elite, рейки - аустенітові')
INSERT INTO dbo.Saddles(saddleId, saddleName)		VALUES(10,'Aeolus P2 RSL, рейки - карбонові')
INSERT INTO dbo.Saddles(saddleId, saddleName)		VALUES(11,'Bontrager Aeolus P Pro, рейки - карбонові')
INSERT INTO dbo.Saddles(saddleId, saddleName)		VALUES(12,'Bontrager Aeolus P2 Pro, рейки - карбонові')
INSERT INTO dbo.Saddles(saddleId, saddleName)		VALUES(13,'Bontrager Hilo Comp, рейки - хромолеві')
INSERT INTO dbo.Saddles(saddleId, saddleName)		VALUES(14,'Bontrager Hilo Pro Carbon')
INSERT INTO dbo.Saddles(saddleId, saddleName)		VALUES(15,'Bontrager P3 Verse Comp, рейки - сталеві')
INSERT INTO dbo.Saddles(saddleId, saddleName)		VALUES(16,'Bontrager Verse Short Comp, рейки - нерж. сталь')
INSERT INTO dbo.Saddles(saddleId, saddleName)		VALUES(17,'Bontrager P3 Verse Pro - рейки карбонові')
INSERT INTO dbo.Saddles(saddleId, saddleName)		VALUES(18,'Bontrager P3 Verse Elite - рейки нерж. сталь')
INSERT INTO dbo.Saddles(saddleId, saddleName)		VALUES(19,'Bontrager Evoke')
INSERT INTO dbo.Saddles(saddleId, saddleName)		VALUES(20,'Bontrager Sport')
INSERT INTO dbo.Saddles(saddleId, saddleName)		VALUES(21,'Bontrager H1')

SET IDENTITY_INSERT dbo.Saddles OFF;

SET IDENTITY_INSERT dbo.SeatPosts ON;

INSERT INTO dbo.SeatPosts(seatPostId, seatPostName) 
										VALUES(1, 'Bontrager, алюм., 31.6 мм, офсет 12 мм')
INSERT INTO dbo.SeatPosts(seatPostId, seatPostName)	VALUES(2, 'TranzX JD-YSP18, хід 150 мм, 31.8 мм, внутрішня проводка (у розмірі S - хід 100 мм, М - 130 мм)')
INSERT INTO dbo.SeatPosts(seatPostId, seatPostName)	VALUES(3, 'Bontrager Comp, 6061 алюм., 31.6 мм, офсет 8 мм')
INSERT INTO dbo.SeatPosts(seatPostId, seatPostName)	VALUES(4, 'Bontrager Pro, OCLV Carbon, 31.6 мм, без офсету')
INSERT INTO dbo.SeatPosts(seatPostId, seatPostName)	VALUES(5, 'TranzX JD-YSI-22PLQ, хід 150 мм, 34.9 мм, внутрішня проводка (у розмірі S - хід 100 мм, L, XL, XXL - 170 мм)')
INSERT INTO dbo.SeatPosts(seatPostId, seatPostName)	VALUES(6, 'Bontrager Line Elite Dropper, MaxFlow, внутрішня маршрутизація, 34.9 мм (хід у розмірах: S-100 мм, M, M/L-150 мм, L-170 мм, XL-200 мм)')
INSERT INTO dbo.SeatPosts(seatPostId, seatPostName)	VALUES(7, 'TranzX JD-YSP39, хід 150 мм, 34.9 мм, внутрішня проводка (у розмірі S - хід 100 мм, L, XL, XXL - 170 мм)')
INSERT INTO dbo.SeatPosts(seatPostId, seatPostName)	VALUES(8, 'RockShox Reverb AXS, 34.9 мм, бездротовий (хід у розмірах: S-100 мм, M, M/L-150 мм, L, XL-170 мм)')
INSERT INTO dbo.SeatPosts(seatPostId, seatPostName)	VALUES(9, 'Bontrager Line Elite Dropper, 31.6 мм, внутрішня маршрутизація, хід 170 мм (у розмірі XS та S - хід 100 мм ; M та M/L - хід 150 мм)')
INSERT INTO dbo.SeatPosts(seatPostId, seatPostName)	VALUES(10,'Bontrager Rhythm Elite, 31.6 мм, без офсету')
INSERT INTO dbo.SeatPosts(seatPostId, seatPostName)	VALUES(11,'Bontrager XXX, OCLV Carbon, 31.6 мм, без офсету')
INSERT INTO dbo.SeatPosts(seatPostId, seatPostName)	VALUES(12,'Madone Аero Сarbon, "ковпак", інтегроване кріплення світла, офсет 5 мм')
INSERT INTO dbo.SeatPosts(seatPostId, seatPostName)	VALUES(13,'Bontrager Carbon, "ковпак", офсет 20 мм')
INSERT INTO dbo.SeatPosts(seatPostId, seatPostName)	VALUES(14,'Speed Concept SLR')
INSERT INTO dbo.SeatPosts(seatPostId, seatPostName)	VALUES(15,'Bontrager Comp, алюм., 27.2 мм, офсет 8 мм')
INSERT INTO dbo.SeatPosts(seatPostId, seatPostName)	VALUES(16,'Bontrager Carbon, "ковпак", форма KVF офсет 20 мм')
INSERT INTO dbo.SeatPosts(seatPostId, seatPostName)	VALUES(17,'Bontrager Comp, алюм., 27.2 мм, офсет 12 мм')
INSERT INTO dbo.SeatPosts(seatPostId, seatPostName)	VALUES(18,'Bontrager Carbon, 27.2 мм, офсет 8 мм')
INSERT INTO dbo.SeatPosts(seatPostId, seatPostName)	VALUES(19,'Bontrager Сarbon, "ковпак", офсет 5 мм')
INSERT INTO dbo.SeatPosts(seatPostId, seatPostName)	VALUES(20,'Bontrager, алюм., 27.2 мм, офсет 12 мм')
INSERT INTO dbo.SeatPosts(seatPostId, seatPostName)	VALUES(21,'Bontrager Drop Line, хід 125 мм, внутрішня маршрутизація, 31.6 мм')

SET IDENTITY_INSERT dbo.SeatPosts OFF;

SET IDENTITY_INSERT dbo.Stems ON;

INSERT INTO dbo.Stems(stemId, stemName) 
										VALUES(1, 'Bontrager, 31.8 мм, підйом 7 градусів, сумісний з Blendr')
INSERT INTO dbo.Stems(stemId, stemName)		VALUES(2, 'Bontrager Elite, 35 мм, без підйому, сумісний з Blendr')
INSERT INTO dbo.Stems(stemId, stemName)		VALUES(3, 'Bontrager Rhythm Comp, 31.8 мм, без підйому, Knock Block')
INSERT INTO dbo.Stems(stemId, stemName)		VALUES(4, 'Bontrager Elite, 35 мм, підйом 13 градусів, сумісний з Blendr')
INSERT INTO dbo.Stems(stemId, stemName)		VALUES(5, 'Bontrager Elite, 31.8 мм, підйом 7 градусів, сумісний з Blendr')
INSERT INTO dbo.Stems(stemId, stemName)		VALUES(6, 'Bontrager Line Pro, 35 мм, Knock Block, без підйому, сумісний з Blendr')
INSERT INTO dbo.Stems(stemId, stemName)		VALUES(7, 'Інтегрований з кермом')
INSERT INTO dbo.Stems(stemId, stemName)		VALUES(8, 'Bontrager Line Pro Direct Mount, 35 мм, довжина 50 мм')
INSERT INTO dbo.Stems(stemId, stemName)		VALUES(9, 'Bontrager Pro, 31.8 мм, підйом 7 град., сумісний з Blendr')
INSERT INTO dbo.Stems(stemId, stemName)		VALUES(10,'Trek Madone Аerо, внутрішня маршрутизація, підйом 7 град.')
INSERT INTO dbo.Stems(stemId, stemName)		VALUES(11,'Bontrager RCS Pro')
INSERT INTO dbo.Stems(stemId, stemName)		VALUES(12,'Bontrager XXX, 31.8 мм, підйом 7 град., сумісний з Blendr')
INSERT INTO dbo.Stems(stemId, stemName)		VALUES(13,'Bontrager RSL Pro, 31.8 мм, підйом 7 град., сумісний з Blendr')
INSERT INTO dbo.Stems(stemId, stemName)		VALUES(14,'Bontrager Comp, алюм, 25.4 мм, підйом 10 градусів')

SET IDENTITY_INSERT dbo.Stems OFF;

SET IDENTITY_INSERT dbo.Handlebars ON;

INSERT INTO dbo.Handlebars(handlbarId, handlbarName) 
										VALUES(1, 'Bontrager Comp, алюм, 31.8 мм, підйом 5 мм, ширина 720 мм (на XS та S: ширина 690 мм)')
INSERT INTO dbo.Handlebars(handlbarId, handlbarName)	VALUES(2, 'Bontrager, алюм, 31.8 мм, підйом 5 мм, ширина 750 мм (на S та M: ширина 720 мм)')
INSERT INTO dbo.Handlebars(handlbarId, handlbarName)	VALUES(3, 'Bontrager, алюм, 31.8 мм, підйом 15 мм, ширина 780 мм (на S та M: ширина 750 мм)')
INSERT INTO dbo.Handlebars(handlbarId, handlbarName)	VALUES(4, 'Bontrager Kovee Elite, алюм., 35 мм, підйом 5 мм, ширина 720 мм (у розмірах L, XL та XXL: ширина — 750 мм)')
INSERT INTO dbo.Handlebars(handlbarId, handlbarName)	VALUES(5, 'Bontrager Line Pro, OCLV Carbon, 35 мм, підйом 27.5 мм, ширина 780 мм')
INSERT INTO dbo.Handlebars(handlbarId, handlbarName)	VALUES(6, 'Bontrager RSL Integrated (інтегроване з виносом), OCLV Carbon, підйом 27.5 мм, ширина 820 мм')
INSERT INTO dbo.Handlebars(handlbarId, handlbarName)	VALUES(7, 'Bontrager Line, алюм., 35 мм, підйом 27.5 мм, ширина 780 мм (у розмірі XS та S - ширина 750 мм)')
INSERT INTO dbo.Handlebars(handlbarId, handlbarName)	VALUES(8, 'Bontrager Line, алюм, 35 мм, підйом 27.5 мм, ширина 820 мм')
INSERT INTO dbo.Handlebars(handlbarId, handlbarName)	VALUES(9, 'Bontrager Line, алюм, 35 мм, підйом 27.5 мм, ширина 780 мм')
INSERT INTO dbo.Handlebars(handlbarId, handlbarName)	VALUES(10,'Bontrager Elite Aero VR-CF, внутрішня маршрутизація, 31.8 мм')
INSERT INTO dbo.Handlebars(handlbarId, handlbarName)	VALUES(11,'Madone Integrated, OCLV Carbon, внутрішня маршрутизація')
INSERT INTO dbo.Handlebars(handlbarId, handlbarName)	VALUES(12,'Trek Madone Аdjustable Аero VR-CF, OCLV Carbon, внутрішня маршрутизація')
INSERT INTO dbo.Handlebars(handlbarId, handlbarName)	VALUES(13,'Bontrager Aeolus RSL, интегроване з виносом, OCLV Carbon, маршрутизація')
INSERT INTO dbo.Handlebars(handlbarId, handlbarName)	VALUES(14,'Speed Concept Cockpit Tower')
INSERT INTO dbo.Handlebars(handlbarId, handlbarName)	VALUES(15,'Bontrager Comp VR-C, 31.8 мм')
INSERT INTO dbo.Handlebars(handlbarId, handlbarName)	VALUES(16,'Bontrager Elite IsoZone VR-CF, алюм., 31.8 мм')
INSERT INTO dbo.Handlebars(handlbarId, handlbarName)	VALUES(17,'Bontrager Elite IsoZone, внутрішня маршрутизація Di2 31.8 мм')
INSERT INTO dbo.Handlebars(handlbarId, handlbarName)	VALUES(18,'Bontrager Pro IsoCore, OCLV Carbon, 31.8 мм, маршрутизація Di2')
INSERT INTO dbo.Handlebars(handlbarId, handlbarName)	VALUES(19,'Bontrager Elite Gravel, алюм., 31.8 мм')
INSERT INTO dbo.Handlebars(handlbarId, handlbarName)	VALUES(20,'Bontrager Pro IsoCore VR-SF')
INSERT INTO dbo.Handlebars(handlbarId, handlbarName)	VALUES(21,'Bontrager Riser, сталь, 25.4 мм, розмір S, M ширина - 600 мм, L, XL - 620 мм')
INSERT INTO dbo.Handlebars(handlbarId, handlbarName)	VALUES(22,'Bontrager Comp Lowriser, 31.8 мм, підйом 15 мм, ширина 660 мм (S та М: ширина 600 мм)')
INSERT INTO dbo.Handlebars(handlbarId, handlbarName)	VALUES(23,'Bontrager Satellite Plus IsoZone, 31.8 мм, підйом 15 мм, ширина 660 мм ( S та М: ширина 600 мм)')

SET IDENTITY_INSERT dbo.Handlebars OFF;

SET IDENTITY_INSERT dbo.Gripses ON;

INSERT INTO dbo.Gripses(gripsId, gripsName) 
										VALUES(1, 'Bontrager XR Endurance Comp, з замком')
INSERT INTO dbo.Gripses(gripsId, gripsName)		VALUES(2, 'Bontrager XR Trail Comp, з замком')
INSERT INTO dbo.Gripses(gripsId, gripsName)		VALUES(3, 'Herrmans Clik')
INSERT INTO dbo.Gripses(gripsId, gripsName)		VALUES(4, 'ESI Chunky')
INSERT INTO dbo.Gripses(gripsId, gripsName)		VALUES(5, 'Bontrager XR Trail Elite, с замком')
INSERT INTO dbo.Gripses(gripsId, gripsName)		VALUES(6, 'Bontrager XR Trail Pro, с замком')
INSERT INTO dbo.Gripses(gripsId, gripsName)		VALUES(7, 'Bontrager Supertack Perf')
INSERT INTO dbo.Gripses(gripsId, gripsName)		VALUES(8, 'Bontrager Gel Cork')
INSERT INTO dbo.Gripses(gripsId, gripsName)		VALUES(9, 'Bontrager Satellite')
INSERT INTO dbo.Gripses(gripsId, gripsName)		VALUES(10,'Bontrager Satellite IsoZone Plus, с замком')

SET IDENTITY_INSERT dbo.Gripses OFF;

SET IDENTITY_INSERT dbo.Steerings ON;

INSERT INTO dbo.Steerings(steeringId, steeringName) 
										VALUES(1, '1-1/8" напівінтегрована')
INSERT INTO dbo.Steerings(steeringId, steeringName)	VALUES(2, 'Напівінтегрована, насипні підшипники, верх - 1-1/8", низ - 1,5"')
INSERT INTO dbo.Steerings(steeringId, steeringName)	VALUES(3, 'FSA IS-2, 1-1/8" верх, 1.5" низ')
INSERT INTO dbo.Steerings(steeringId, steeringName)	VALUES(4, 'Knock Block Integrated, кут повороту 62 градуси, пром. підшипник, верх - 1-1/8", низ - 1,5"')
INSERT INTO dbo.Steerings(steeringId, steeringName)	VALUES(5, 'Knock Block 2.0 Integrated, кут повороту 72 градуси, пром. підшипник, верх - 1-1/8", низ - 1,5"')
INSERT INTO dbo.Steerings(steeringId, steeringName)	VALUES(6, 'Knock Block Integrated, радіус 58 градуси, пром. підшипник, верх - 1-1/8", низ - -1.5"')
INSERT INTO dbo.Steerings(steeringId, steeringName)	VALUES(7, 'FSA Orbit, пром. підшипник, верх - 1-1/8", низ - 1,5"')
INSERT INTO dbo.Steerings(steeringId, steeringName)	VALUES(8, 'Knock Block Integrated, пром. підшипник, верх - 1-1/8", низ - 1,5"')
INSERT INTO dbo.Steerings(steeringId, steeringName)	VALUES(9, '')
INSERT INTO dbo.Steerings(steeringId, steeringName)	VALUES(10,'FSA, інтегрована, пром. підшипник, верх - 1-1/8", низ - 1,5"')
INSERT INTO dbo.Steerings(steeringId, steeringName)	VALUES(11,'1-1/8", пром. підшипник')

SET IDENTITY_INSERT dbo.Steerings OFF;

SET IDENTITY_INSERT dbo.Equipments ON;		

INSERT INTO dbo.Equipments		(equipmentId	, brakeId	, saddleId	, seatPostId, stemId, handlebarId	, gripsId	, steeringId) 
									VALUES(1			, 1			, 1			, 1			, 1		, 1				, 1			, 1			)
INSERT INTO dbo.Equipments(equipmentId	, brakeId	, saddleId	, seatPostId, stemId, handlebarId	, gripsId	, steeringId)	VALUES(2			, 2			, 1			, 1			, 1		, 1				, 1			, 1			) 
INSERT INTO dbo.Equipments(equipmentId	, brakeId	, saddleId	, seatPostId, stemId, handlebarId	, gripsId	, steeringId)	VALUES(3			, 3			, 1			, 1			, 1		, 1				, 1			, 1			) 
INSERT INTO dbo.Equipments(equipmentId	, brakeId	, saddleId	, seatPostId, stemId, handlebarId	, gripsId	, steeringId)	VALUES(4			, 2			, 1			, 1			, 1		, 2				, 1			, 1			) 
INSERT INTO dbo.Equipments(equipmentId	, brakeId	, saddleId	, seatPostId, stemId, handlebarId	, gripsId	, steeringId)	VALUES(5			, 3			, 1			, 1			, 1		, 2				, 2			, 1			) 
INSERT INTO dbo.Equipments(equipmentId	, brakeId	, saddleId	, seatPostId, stemId, handlebarId	, gripsId	, steeringId)	VALUES(6			, 3			, 1			, 2			, 1		, 1				, 2			, 1			) 
INSERT INTO dbo.Equipments(equipmentId	, brakeId	, saddleId	, seatPostId, stemId, handlebarId	, gripsId	, steeringId)	VALUES(7			, 3			, 1			, 1			, 1		, 1				, 2			, 2			) 
INSERT INTO dbo.Equipments(equipmentId	, brakeId	, saddleId	, seatPostId, stemId, handlebarId	, gripsId	, steeringId)	VALUES(8			, 3			, 1			, 2			, 1		, 3				, 2			, 3			) 
INSERT INTO dbo.Equipments(equipmentId	, brakeId	, saddleId	, seatPostId, stemId, handlebarId	, gripsId	, steeringId)	VALUES(9			, 4			, 1			, 2			, 1		, 3				, 2			, 3			) 
INSERT INTO dbo.Equipments(equipmentId	, brakeId	, saddleId	, seatPostId, stemId, handlebarId	, gripsId	, steeringId)	VALUES(10			, 5			, 2			, 2			, 2		, 3				, 2			, 3			) 
INSERT INTO dbo.Equipments(equipmentId	, brakeId	, saddleId	, seatPostId, stemId, handlebarId	, gripsId	, steeringId)	VALUES(11			, 3			, 1			, 1			, 3		, 1				, 2			, 4			) 
INSERT INTO dbo.Equipments(equipmentId	, brakeId	, saddleId	, seatPostId, stemId, handlebarId	, gripsId	, steeringId)	VALUES(12			, 6			, 2			, 3			, 3		, 1				, 3			, 4			) 
INSERT INTO dbo.Equipments(equipmentId	, brakeId	, saddleId	, seatPostId, stemId, handlebarId	, gripsId	, steeringId)	VALUES(13			, 7			, 3			, 4			, 4		, 4				, 4			, 4			) 
INSERT INTO dbo.Equipments(equipmentId	, brakeId	, saddleId	, seatPostId, stemId, handlebarId	, gripsId	, steeringId)	VALUES(14			, 8			, 2			, 2			, 5		, 1				, 4			, 3			)

INSERT INTO dbo.Equipments(equipmentId	, brakeId	, saddleId	, seatPostId, stemId, handlebarId	, gripsId	, steeringId)	VALUES(15			, 3			, 1			, 5			, 3		, 2				, 2			, 5			) 
INSERT INTO dbo.Equipments(equipmentId	, brakeId	, saddleId	, seatPostId, stemId, handlebarId	, gripsId	, steeringId)	VALUES(16			, 6			, 1			, 5			, 3		, 2				, 2			, 5			) 
INSERT INTO dbo.Equipments(equipmentId	, brakeId	, saddleId	, seatPostId, stemId, handlebarId	, gripsId	, steeringId)	VALUES(17			, 5			, 1			, 5			, 2		, 3				, 2			, 5			) 
INSERT INTO dbo.Equipments(equipmentId	, brakeId	, saddleId	, seatPostId, stemId, handlebarId	, gripsId	, steeringId)	VALUES(18			, 9			, 4			, 6			, 6		, 5				, 5			, 5			) 
INSERT INTO dbo.Equipments(equipmentId	, brakeId	, saddleId	, seatPostId, stemId, handlebarId	, gripsId	, steeringId)	VALUES(19			, 10		, 4			, 6			, 6		, 5				, 5			, 5			) 
INSERT INTO dbo.Equipments(equipmentId	, brakeId	, saddleId	, seatPostId, stemId, handlebarId	, gripsId	, steeringId)	VALUES(20			, 11		, 5			, 6			, 7		, 6				, 5			, 5			) 
INSERT INTO dbo.Equipments(equipmentId	, brakeId	, saddleId	, seatPostId, stemId, handlebarId	, gripsId	, steeringId)	VALUES(21			, 12		, 5			, 6			, 7		, 6				, 5			, 5			) 
INSERT INTO dbo.Equipments(equipmentId	, brakeId	, saddleId	, seatPostId, stemId, handlebarId	, gripsId	, steeringId)	VALUES(22			, 3			, 1			, 5			, 3		, 2				, 2			, 6			) 
INSERT INTO dbo.Equipments(equipmentId	, brakeId	, saddleId	, seatPostId, stemId, handlebarId	, gripsId	, steeringId)	VALUES(23			, 6			, 1			, 5			, 1		, 2				, 2			, 6			) 
INSERT INTO dbo.Equipments(equipmentId	, brakeId	, saddleId	, seatPostId, stemId, handlebarId	, gripsId	, steeringId)	VALUES(24			, 13		, 2			, 7			, 2		, 7				, 5			, 6			) 
INSERT INTO dbo.Equipments(equipmentId	, brakeId	, saddleId	, seatPostId, stemId, handlebarId	, gripsId	, steeringId)	VALUES(25			, 14		, 2			, 7			, 2		, 7				, 5			, 6			) 
INSERT INTO dbo.Equipments(equipmentId	, brakeId	, saddleId	, seatPostId, stemId, handlebarId	, gripsId	, steeringId)	VALUES(26			, 15		, 4			, 6			, 7		, 6				, 5			, 6			) 
INSERT INTO dbo.Equipments(equipmentId	, brakeId	, saddleId	, seatPostId, stemId, handlebarId	, gripsId	, steeringId)	VALUES(27			, 16		, 4			, 6			, 7		, 6				, 5			, 6			) 
INSERT INTO dbo.Equipments(equipmentId	, brakeId	, saddleId	, seatPostId, stemId, handlebarId	, gripsId	, steeringId)	VALUES(28			, 17		, 4			, 6			, 6		, 5				, 5			, 6			) 
INSERT INTO dbo.Equipments(equipmentId	, brakeId	, saddleId	, seatPostId, stemId, handlebarId	, gripsId	, steeringId)	VALUES(29			, 18		, 4			, 6			, 6		, 5				, 5			, 6			) 
INSERT INTO dbo.Equipments(equipmentId	, brakeId	, saddleId	, seatPostId, stemId, handlebarId	, gripsId	, steeringId)	VALUES(30			, 19		, 4			, 6			, 7		, 6				, 5			, 6			) 
INSERT INTO dbo.Equipments(equipmentId	, brakeId	, saddleId	, seatPostId, stemId, handlebarId	, gripsId	, steeringId)	VALUES(31			, 16		, 4			, 8			, 7		, 6				, 5			, 6			) 
INSERT INTO dbo.Equipments(equipmentId	, brakeId	, saddleId	, seatPostId, stemId, handlebarId	, gripsId	, steeringId)	VALUES(32			, 19		, 5			, 9			, 6		, 5				, 5			, 6			) 
INSERT INTO dbo.Equipments(equipmentId	, brakeId	, saddleId	, seatPostId, stemId, handlebarId	, gripsId	, steeringId)	VALUES(33			, 20		, 5			, 9			, 6		, 5				, 5			, 6			) 
INSERT INTO dbo.Equipments(equipmentId	, brakeId	, saddleId	, seatPostId, stemId, handlebarId	, gripsId	, steeringId)	VALUES(34			, 12		, 4			, 8			, 6		, 5				, 5			, 6			) 
INSERT INTO dbo.Equipments(equipmentId	, brakeId	, saddleId	, seatPostId, stemId, handlebarId	, gripsId	, steeringId)	VALUES(35			, 16		, 2			, 7			, 2		, 8				, 6			, 5			) 
INSERT INTO dbo.Equipments(equipmentId	, brakeId	, saddleId	, seatPostId, stemId, handlebarId	, gripsId	, steeringId)	VALUES(36			, 16		, 2			, 7			, 2		, 8				, 6			, 5			) 
INSERT INTO dbo.Equipments(equipmentId	, brakeId	, saddleId	, seatPostId, stemId, handlebarId	, gripsId	, steeringId)	VALUES(37			, 21		, 2			, 7			, 2		, 8				, 6			, 5			) 
INSERT INTO dbo.Equipments(equipmentId	, brakeId	, saddleId	, seatPostId, stemId, handlebarId	, gripsId	, steeringId)	VALUES(38			, 15		, 4			, 6			, 6		, 5				, 6			, 5			) 
INSERT INTO dbo.Equipments(equipmentId	, brakeId	, saddleId	, seatPostId, stemId, handlebarId	, gripsId	, steeringId)	VALUES(39			, 16		, 4			, 6			, 6		, 5				, 6			, 5			) 
INSERT INTO dbo.Equipments(equipmentId	, brakeId	, saddleId	, seatPostId, stemId, handlebarId	, gripsId	, steeringId)	VALUES(40			, 19		, 4			, 6			, 7		, 6				, 6			, 5			) 
INSERT INTO dbo.Equipments(equipmentId	, brakeId	, saddleId	, seatPostId, stemId, handlebarId	, gripsId	, steeringId)	VALUES(41			, 22		, 4			, 8			, 7		, 6				, 6			, 5			) 
INSERT INTO dbo.Equipments(equipmentId	, brakeId	, saddleId	, seatPostId, stemId, handlebarId	, gripsId	, steeringId)	VALUES(42			, 23		, 2			, 10		, 8		, 9				, 5			, 7			) 
INSERT INTO dbo.Equipments(equipmentId	, brakeId	, saddleId	, seatPostId, stemId, handlebarId	, gripsId	, steeringId)	VALUES(43			, 22		, 4			, 10		, 8		, 5				, 5			, 7			) 
INSERT INTO dbo.Equipments(equipmentId	, brakeId	, saddleId	, seatPostId, stemId, handlebarId	, gripsId	, steeringId)	VALUES(44			, 24		, 2			, 3			, 3		, 1				, 2			, 8			) 
INSERT INTO dbo.Equipments(equipmentId	, brakeId	, saddleId	, seatPostId, stemId, handlebarId	, gripsId	, steeringId)	VALUES(45			, 7			, 6			, 3			, 4		, 4				, 4			, 8			) 
INSERT INTO dbo.Equipments(equipmentId	, brakeId	, saddleId	, seatPostId, stemId, handlebarId	, gripsId	, steeringId)	VALUES(46			, 25		, 6			, 4			, 7		, 6				, 4			, 8			) 
INSERT INTO dbo.Equipments(equipmentId	, brakeId	, saddleId	, seatPostId, stemId, handlebarId	, gripsId	, steeringId)	VALUES(47			, 26		, 6			, 4			, 7		, 6				, 4			, 8			) 
INSERT INTO dbo.Equipments(equipmentId	, brakeId	, saddleId	, seatPostId, stemId, handlebarId	, gripsId	, steeringId)	VALUES(48			, 11		, 6			, 11		, 7		, 6				, 4			, 8			) 
INSERT INTO dbo.Equipments(equipmentId	, brakeId	, saddleId	, seatPostId, stemId, handlebarId	, gripsId	, steeringId)	VALUES(49			, 27		, 7			, 11		, 7		, 6				, 4			, 8			) 

INSERT INTO dbo.Equipments(equipmentId	, brakeId	, saddleId	, seatPostId, stemId, handlebarId	, gripsId	, steeringId)	VALUES(50			, 28		, 8			, 12		, 9		, 10			, 7			, 9			) 
INSERT INTO dbo.Equipments(equipmentId	, brakeId	, saddleId	, seatPostId, stemId, handlebarId	, gripsId	, steeringId)	VALUES(51			, 28		, 9			, 12		, 7		, 11			, 7			, 9			) 
INSERT INTO dbo.Equipments(equipmentId	, brakeId	, saddleId	, seatPostId, stemId, handlebarId	, gripsId	, steeringId)	VALUES(52			, 29		, 9			, 12		, 10	, 12			, 7			, 9			) 
INSERT INTO dbo.Equipments(equipmentId	, brakeId	, saddleId	, seatPostId, stemId, handlebarId	, gripsId	, steeringId)	VALUES(53			, 30		, 9			, 12		, 7		, 11			, 7			, 9			) 
INSERT INTO dbo.Equipments(equipmentId	, brakeId	, saddleId	, seatPostId, stemId, handlebarId	, gripsId	, steeringId)	VALUES(54			, 30		, 9			, 12		, 10	, 12			, 7			, 9			) 
INSERT INTO dbo.Equipments(equipmentId	, brakeId	, saddleId	, seatPostId, stemId, handlebarId	, gripsId	, steeringId)	VALUES(55			, 29		, 9			, 12		, 7		, 11			, 7			, 9			) 
INSERT INTO dbo.Equipments(equipmentId	, brakeId	, saddleId	, seatPostId, stemId, handlebarId	, gripsId	, steeringId)	VALUES(56			, 31		, 9			, 12		, 7		, 11			, 7			, 9			) 
INSERT INTO dbo.Equipments(equipmentId	, brakeId	, saddleId	, seatPostId, stemId, handlebarId	, gripsId	, steeringId)	VALUES(57			, 31		, 9			, 12		, 10	, 12			, 7			, 9			) 
INSERT INTO dbo.Equipments(equipmentId	, brakeId	, saddleId	, seatPostId, stemId, handlebarId	, gripsId	, steeringId)	VALUES(58			, 32		, 10		, 12		, 7		, 11			, 7			, 9			) 
INSERT INTO dbo.Equipments(equipmentId	, brakeId	, saddleId	, seatPostId, stemId, handlebarId	, gripsId	, steeringId)	VALUES(59			, 32		, 10		, 12		, 10	, 12			, 7			, 9			) 
INSERT INTO dbo.Equipments(equipmentId	, brakeId	, saddleId	, seatPostId, stemId, handlebarId	, gripsId	, steeringId)	VALUES(60			, 33		, 11		, 12		, 7		, 11			, 7			, 9			) 
INSERT INTO dbo.Equipments(equipmentId	, brakeId	, saddleId	, seatPostId, stemId, handlebarId	, gripsId	, steeringId)	VALUES(61			, 33		, 12		, 13		, 7		, 13			, 7			, 9			) 

INSERT INTO dbo.Equipments(equipmentId	, brakeId	, saddleId	, seatPostId, stemId, handlebarId	, gripsId	, steeringId)	VALUES(62			, 34		, 13		, 14		, 7		, 14			, 7			, 9			) 
INSERT INTO dbo.Equipments(equipmentId	, brakeId	, saddleId	, seatPostId, stemId, handlebarId	, gripsId	, steeringId)	VALUES(63			, 29		, 13		, 14		, 7		, 14			, 7			, 9			) 
INSERT INTO dbo.Equipments(equipmentId	, brakeId	, saddleId	, seatPostId, stemId, handlebarId	, gripsId	, steeringId)	VALUES(64			, 32		, 14		, 14		, 7		, 14			, 7			, 9			) 

INSERT INTO dbo.Equipments(equipmentId	, brakeId	, saddleId	, seatPostId, stemId, handlebarId	, gripsId	, steeringId)	VALUES(65			, 35		, 15		, 15		, 5		, 15			, 7			, 10		) 
INSERT INTO dbo.Equipments(equipmentId	, brakeId	, saddleId	, seatPostId, stemId, handlebarId	, gripsId	, steeringId)	VALUES(66			, 36		, 15		, 15		, 5		, 15			, 7			, 10		) 
INSERT INTO dbo.Equipments(equipmentId	, brakeId	, saddleId	, seatPostId, stemId, handlebarId	, gripsId	, steeringId)	VALUES(67			, 28		, 15		, 15		, 5		, 16			, 7			, 10		) 
INSERT INTO dbo.Equipments(equipmentId	, brakeId	, saddleId	, seatPostId, stemId, handlebarId	, gripsId	, steeringId)	VALUES(68			, 28		, 15		, 16		, 11	, 17			, 7			, 10		) 
INSERT INTO dbo.Equipments(equipmentId	, brakeId	, saddleId	, seatPostId, stemId, handlebarId	, gripsId	, steeringId)	VALUES(69			, 30		, 15		, 16		, 11	, 17			, 7			, 10		) 
INSERT INTO dbo.Equipments(equipmentId	, brakeId	, saddleId	, seatPostId, stemId, handlebarId	, gripsId	, steeringId)	VALUES(70			, 29		, 15		, 16		, 11	, 17			, 7			, 10		) 
INSERT INTO dbo.Equipments(equipmentId	, brakeId	, saddleId	, seatPostId, stemId, handlebarId	, gripsId	, steeringId)	VALUES(71			, 29		, 15		, 16		, 9		, 16			, 7			, 10		) 
INSERT INTO dbo.Equipments(equipmentId	, brakeId	, saddleId	, seatPostId, stemId, handlebarId	, gripsId	, steeringId)	VALUES(72			, 31		, 15		, 16		, 11	, 17			, 7			, 10		) 
INSERT INTO dbo.Equipments(equipmentId	, brakeId	, saddleId	, seatPostId, stemId, handlebarId	, gripsId	, steeringId)	VALUES(73			, 31		, 15		, 16		, 9		, 16			, 7			, 10		) 
INSERT INTO dbo.Equipments(equipmentId	, brakeId	, saddleId	, seatPostId, stemId, handlebarId	, gripsId	, steeringId)	VALUES(74			, 30		, 16		, 16		, 11	, 17			, 7			, 10		) 
INSERT INTO dbo.Equipments(equipmentId	, brakeId	, saddleId	, seatPostId, stemId, handlebarId	, gripsId	, steeringId)	VALUES(75			, 28		, 16		, 16		, 11	, 18			, 7			, 10		) 
INSERT INTO dbo.Equipments(equipmentId	, brakeId	, saddleId	, seatPostId, stemId, handlebarId	, gripsId	, steeringId)	VALUES(76			, 29		, 16		, 16		, 11	, 18			, 7			, 10		) 
INSERT INTO dbo.Equipments(equipmentId	, brakeId	, saddleId	, seatPostId, stemId, handlebarId	, gripsId	, steeringId)	VALUES(77			, 31		, 16		, 16		, 11	, 18			, 7			, 10		) 
INSERT INTO dbo.Equipments(equipmentId	, brakeId	, saddleId	, seatPostId, stemId, handlebarId	, gripsId	, steeringId)	VALUES(78			, 33		, 17		, 13		, 12	, 18			, 7			, 10		) 
INSERT INTO dbo.Equipments(equipmentId	, brakeId	, saddleId	, seatPostId, stemId, handlebarId	, gripsId	, steeringId)	VALUES(79			, 32		, 17		, 16		, 12	, 18			, 7			, 10		) 

INSERT INTO dbo.Equipments(equipmentId	, brakeId	, saddleId	, seatPostId, stemId, handlebarId	, gripsId	, steeringId)	VALUES(80			, 37		, 15		, 17		, 5		, 19			, 7			, 10		) 
INSERT INTO dbo.Equipments(equipmentId	, brakeId	, saddleId	, seatPostId, stemId, handlebarId	, gripsId	, steeringId)	VALUES(81			, 37		, 15		, 18		, 5		, 19			, 7			, 10		) 
INSERT INTO dbo.Equipments(equipmentId	, brakeId	, saddleId	, seatPostId, stemId, handlebarId	, gripsId	, steeringId)	VALUES(82			, 37		, 18		, 19		, 9		, 20			, 7			, 10		) 
INSERT INTO dbo.Equipments(equipmentId	, brakeId	, saddleId	, seatPostId, stemId, handlebarId	, gripsId	, steeringId)	VALUES(83			, 37		, 17		, 19		, 13	, 20			, 7			, 10		) 

INSERT INTO dbo.Equipments(equipmentId	, brakeId	, saddleId	, seatPostId, stemId, handlebarId	, gripsId	, steeringId)	VALUES(84			, 37		, 15		, 19		, 9		, 16			, 7			, 10		) 

INSERT INTO dbo.Equipments(equipmentId	, brakeId	, saddleId	, seatPostId, stemId, handlebarId	, gripsId	, steeringId)	VALUES(85			, 38		, 19		, 20		, 5		, 15			, 8			, 11		) 
INSERT INTO dbo.Equipments(equipmentId	, brakeId	, saddleId	, seatPostId, stemId, handlebarId	, gripsId	, steeringId)	VALUES(86			, 38		, 1			, 20		, 5		, 15			, 8			, 11		) 
INSERT INTO dbo.Equipments(equipmentId	, brakeId	, saddleId	, seatPostId, stemId, handlebarId	, gripsId	, steeringId)	VALUES(87			, 39		, 2			, 21		, 5		, 1				, 1			, 10		) 

INSERT INTO dbo.Equipments(equipmentId	, brakeId	, saddleId	, seatPostId, stemId, handlebarId	, gripsId	, steeringId)	VALUES(88			, 40		, 20		, 20		, 14	, 21			, 9			, 10		) 
INSERT INTO dbo.Equipments(equipmentId	, brakeId	, saddleId	, seatPostId, stemId, handlebarId	, gripsId	, steeringId)	VALUES(89			, 41		, 20		, 20		, 14	, 22			, 9			, 10		) 
INSERT INTO dbo.Equipments(equipmentId	, brakeId	, saddleId	, seatPostId, stemId, handlebarId	, gripsId	, steeringId)	VALUES(90			, 3			, 21		, 20		, 5		, 22			, 2			, 10		) 
INSERT INTO dbo.Equipments(equipmentId	, brakeId	, saddleId	, seatPostId, stemId, handlebarId	, gripsId	, steeringId)	VALUES(91			, 2			, 20		, 20		, 14	, 23			, 9			, 10		) 
INSERT INTO dbo.Equipments(equipmentId	, brakeId	, saddleId	, seatPostId, stemId, handlebarId	, gripsId	, steeringId)	VALUES(92			, 3			, 21		, 20		, 14	, 22			, 2			, 10		) 
INSERT INTO dbo.Equipments(equipmentId	, brakeId	, saddleId	, seatPostId, stemId, handlebarId	, gripsId	, steeringId)	VALUES(93			, 42		, 21		, 20		, 14	, 22			, 9			, 10		) 
INSERT INTO dbo.Equipments(equipmentId	, brakeId	, saddleId	, seatPostId, stemId, handlebarId	, gripsId	, steeringId)	VALUES(94			, 3			, 21		, 20		, 14	, 23			, 10		, 10		) 

SET IDENTITY_INSERT dbo.Equipments OFF;


SET IDENTITY_INSERT dbo.Bikes ON;		

INSERT INTO dbo.Bikes(bikeId, bikeName, bikeImage, bikeDescription, bikePrice, bikeWeight, framesetId, wheelsetId, groopsetId, equipmentId, typeOfBikeId)
VALUES(1, 'Trek Marlin 4 Gen 2', 'https://ukrbike.com.ua/assets/cache/images/2022/marlin4_22_29759_a_portrait-1000x-e54.jpg',
'Класичний гірський велосипед Trek Marlin 4 із оновленою рамою. Троси приховані всередині рами, зручне та практичне рішення, яке притаманне більш дорогим моделям. Добре знайома серія жіночих велосипедів Marlin WSD припиняє своє існування. Моделі не ділитимуться на чоловічі та жіночі, натомість кількість кольорових рішень для кожної з версій збільшилась. Рами у ростовках XS і S мають колеса 27.5 дюймів і занижену верхню трубу, що значно полегшує експлуатацію велосипеду райдерами із зростом до 165 см. Всі інші ростовки мають пряму верхню трубу і 29-дюймові колеса. Передбачені кріплення для встановлення багажника та підніжки.',
25500, 13.98, 1, 1, 1, 1, 1)

INSERT INTO dbo.Bikes(bikeId, bikeName, bikeImage, bikeDescription, bikePrice, bikeWeight, framesetId, wheelsetId, groopsetId, equipmentId, typeOfBikeId)
VALUES(2, 'Trek Marlin 5 Gen 2', 'https://ukrbike.com.ua/assets/cache/images/2022/marlin5_22_34587_c_portrait-1000x-e54.jpg',
'Чудовий вибір для початківців. Троси та гідролінії приховані всередині рами, зручне та практичне рішення, яке притаманне більш дорогим моделям. Щодо комплектації, то оновлена п`ятірка це точна копія минулорічного Marlin 6 із спрощеною трансмісією 2х8 та вилкою з гідравлічним локаутом. Добре знайома серія жіночих велосипедів Marlin WSD припиняє своє існування. Моделі не ділитимуться на чоловічі та жіночі, натомість кількість кольорових рішень для кожної з версій збільшилась. Рами у ростовках XS і S мають колеса 27.5 дюймів і занижену верхню трубу, що значно полегшує експлуатацію велосипеду райдерами із зростом до 165 см. Всі інші ростовки мають пряму верхню трубу і 29-дюймові колеса. Передбачені кріплення для встановлення багажника та підніжки.',
31900, 13.97,	2,			2,			2,			2,			 1)
--				framesetId, wheelsetId, groopsetId, equipmentId, typeOfBikeId

INSERT INTO dbo.Bikes(bikeId, bikeName, bikeImage, bikeDescription, bikePrice, bikeWeight, framesetId, wheelsetId, groopsetId, equipmentId, typeOfBikeId)
VALUES(3, 'Trek Marlin 6 Gen 2', 'https://ukrbike.com.ua/assets/cache/images/2022/marlin6_22_35066_a_portrait-1000x-e54.jpg',
'Чудовий вибір за співвідношенням "ціна-якість". Троси та гідролінії приховані всередині рами, зручне та практичне рішення, яке притаманне більш дорогим моделям. Щодо комплектації, то головною особливістю нової шістки є спрощена трансмісія Shimano Deore 1х10. Добре знайома серія жіночих велосипедів Marlin WSD припиняє своє існування. Моделі не ділитимуться на чоловічі та жіночі, натомість кількість кольорових рішень для кожної з версій збільшилась. Рами у ростовках XS і S мають колеса 27.5 дюймів і занижену верхню трубу, що значно полегшує експлуатацію велосипеду райдерами із зростом до 165 см. Всі інші ростовки мають пряму верхню трубу і 29-дюймові колеса. Передбачені кріплення для встановлення багажника та підніжки.',
33900, 14.11,	2,			2,			3,			2,			 1)
--				framesetId, wheelsetId, groopsetId, equipmentId, typeOfBikeId

INSERT INTO dbo.Bikes(bikeId, bikeName, bikeImage, bikeDescription, bikePrice, bikeWeight, framesetId, wheelsetId, groopsetId, equipmentId, typeOfBikeId)
VALUES(4, 'Trek Marlin 7 Gen 2', 'https://ukrbike.com.ua/assets/cache/images/2022/marlin7_21_33148_b_portrait-1000x-e54.jpg',
'Гірський велосипед з категорії крос-кантрі, на якому сміливо можна брати учать у аматорських змаганнях. Нова рама - це перше, що одразу привертає увагу. Троси та гідролінії приховані всередині рами, зручне та практичне рішення, яке притаманне більш дорогим моделям. Довжину задніх пір’їв зменшено до 438 мм, вкорочено винос, збільшена ширина керма, в підсумку ви отримуєте кращу маневреність та точніше керування. Вилка RockShox XC 30 з гідравлічним локаутом, трансмісія 1х10 та оновлені гідравлічні гальма Shimano, розширюють ваші можливості та підвищують комфорт на бездоріжжі. Встановіть багажник, підніжку або навіть дропер пост! На Marlin 7 є всі необхідні кріплення для аксесуарів.',
39900, 13.77,	3,			3,			4,			3,			 1)
--				framesetId, wheelsetId, groopsetId, equipmentId, typeOfBikeId

INSERT INTO dbo.Bikes(bikeId, bikeName, bikeImage, bikeDescription, bikePrice, bikeWeight, framesetId, wheelsetId, groopsetId, equipmentId, typeOfBikeId)
VALUES(5, 'Trek Marlin 8 Gen 2', 'https://ukrbike.com.ua/assets/cache/images/2022/marlin8_21_34649_a_portrait-1000x-e54.jpg',
'Топова версія лінійки Marlin. Троси та гідролінії приховані всередині рами, зручне та практичне рішення, яке притаманне більш дорогим моделям. Що до комплектації, то головною особливістю нової вісімки є трансмісія Sram SX Eagle 1х12, безкамерні ободи Bontrager Kovee та вилка із повітряною пружиною RockShox Judy Sіlver. Рами у ростовках XS і S мають колеса 27.5 дюймів і занижену верхню трубу, що значно полегшує експлуатацію велосипеду райдерами із зростом до 165 см. Всі інші ростовки мають пряму верхню трубу і 29-дюймові колеса. Передбачені кріплення для встановлення багажника та підніжки.',
51200, 13.20,	3,			3,			4,			3,			 1)
--				framesetId, wheelsetId, groopsetId, equipmentId, typeOfBikeId

INSERT INTO dbo.Bikes(bikeId, bikeName, bikeImage, bikeDescription, bikePrice, bikeWeight, framesetId, wheelsetId, groopsetId, equipmentId, typeOfBikeId)
VALUES(6, 'Trek Marlin 6 Gen 3', 'https://ukrbike.com.ua/assets/cache/images/2023/marlin6_23_36966_a_portrait-1000x-e54.jpg',
'Оновлене покоління моделі Marlin. Трейлова геометрія рами, трансмісія Shimano Deore 1х10, безкамерні ободи Bontrager Kovee, внутрішня маршрутизація лінії пневматичного підсідельного штиря. Усі троси та гідролінії приховані всередині рами. Рами у ростовках XS і S мають колеса 27.5 дюймів і занижену верхню трубу, що значно полегшує експлуатацію велосипеду райдерами із зростом до 165 см. Всі інші ростовки мають пряму верхню трубу і 29-дюймові колеса. Передбачені кріплення для встановлення багажника та підніжки. Чудовий вибір за співвідношенням "ціна-якість".',
34500, 14.80,	3,			4,			5,			4,			 1)
--				framesetId, wheelsetId, groopsetId, equipmentId, typeOfBikeId

INSERT INTO dbo.Bikes(bikeId, bikeName, bikeImage, bikeDescription, bikePrice, bikeWeight, framesetId, wheelsetId, groopsetId, equipmentId, typeOfBikeId)
VALUES(7, 'Trek 2023 Top Fuel 5', 'https://ukrbike.com.ua/assets/cache/images/2022/topfuel5deore_22_35071_a_portrait-1000x-e54.jpg',
'Top Fuel 5 — це повнопідвісний гірський велосипед, який однаково ефективний і потужний. Він поглинає нерівні, нерівні спуски, але все одно летить, як ракета, на пагорби та на рівні ділянки. Легка та міцна рама з легкого сплаву виготовлена з деталей, відібраних за ефективністю та ціною, що робить цей велосипед ідеальним для вашого першого трейлового велосипеда на повній підвісці.',
100100, 15.52,	16,			15,			10,			15,			 2)
--				framesetId, wheelsetId, groopsetId, equipmentId, typeOfBikeId

INSERT INTO dbo.Bikes(bikeId, bikeName, bikeImage, bikeDescription, bikePrice, bikeWeight, framesetId, wheelsetId, groopsetId, equipmentId, typeOfBikeId)
VALUES(8, 'Trek 2023 Madone SL 6', 'https://ukrbike.com.ua/assets/cache/images/2023/madonesl6-23-36959-a-portrait-1000x-e54.jpg',
'Madone SL 6 Disc надає вам передові аеродинамічні характеристики та якість їзди у всіх куточках нашого найкращого гоночного велосипеда за чудовою ціною. Він має аеродинамічні колеса, роз’єднувач IsoSpeed, що згладжує дорогу, потужні гідравлічні дискові гальма та елегантний вигляд, який кричить про швидкість.',
175500, 8.74,	44,			35,			43,			50,			 3)
--				framesetId, wheelsetId, groopsetId, equipmentId, typeOfBikeId

INSERT INTO dbo.Bikes(bikeId, bikeName, bikeImage, bikeDescription, bikePrice, bikeWeight, framesetId, wheelsetId, groopsetId, equipmentId, typeOfBikeId)
VALUES(9, 'Trek 2023 Speed Concept SLR 6 eTap', 'https://ukrbike.com.ua/assets/cache/images/2023/conceptslr6etap-22-35754-a-portrait-1000x-e54.jpg',
'Speed Concept SLR 6 AXS — це аеродинамічний карбоновий триатлонний велосипед, створений для неймовірної швидкості та бездоганної інтеграції. Кожна деталь цього мотоцикла — від легкої аеродинамічної рами до IsoSpeed, що плавно їздить, і до передових систем палива та гідратації — була ретельно розроблена, щоб допомогти вам перемогти свій PR знову, і знову, і знову.',
335000, 9.55,	48,			37,			55,			62,			 4)
--				framesetId, wheelsetId, groopsetId, equipmentId, typeOfBikeId

INSERT INTO dbo.Bikes(bikeId, bikeName, bikeImage, bikeDescription, bikePrice, bikeWeight, framesetId, wheelsetId, groopsetId, equipmentId, typeOfBikeId)
VALUES(10, 'Trek 2023 Domane AL 2 Disc', 'https://ukrbike.com.ua/assets/cache/images/2023/domaneal2disc_21_33083_b_portrait-1000x-e54.jpg',
'Модель Domane розроблена для шосейних змагань на маршрутах із складним покриттям. Геометрія Endurance комфортніша за класичну H 1.5 та чудово пристосована до умов частого катання на довгі дистанції. Грязьові зазори шириною до 35 мм, дозволять почувати себе впевнено на бездоріжжі. Легка алюмінієва рама 100 Series Alpha Aluminum із пожиттєвою гарантією. Карбонова вилка побереже ваші руки у випадку нерівностей дороги. Групсет початкового рівня Shimano Claris. Безкамерні ободи Bontrager Affinity.',
43000 , 10.55,	49,			42,			41,			65,			 5)
--				framesetId, wheelsetId, groopsetId, equipmentId, typeOfBikeId

INSERT INTO dbo.Bikes(bikeId, bikeName, bikeImage, bikeDescription, bikePrice, bikeWeight, framesetId, wheelsetId, groopsetId, equipmentId, typeOfBikeId)
VALUES(11, 'Trek 2023 Checkpoint ALR 5', 'https://ukrbike.com.ua/assets/cache/images/2022/checkpointalr5_22_35172_b_portrait-1000x-e54.jpg',
'Checkpoint ALR 5 — найкращий гравійний велосипед у лінійці. Це високоякісна конструкція, яка витримає довгі нерівні милі на асфальті, ґрунті та навіть на найпідступніших гравійних дорогах. Велика кількість функцій, як-от спритна, але стабільна прогресивна геометрія, безліч кріплень, а також трансмісія GRX, дозволяють легко налаштувати його під свій тип пригод.',
83500, 9.75,	52,			48,			51,			80,			 6)
--				framesetId, wheelsetId, groopsetId, equipmentId, typeOfBikeId

INSERT INTO dbo.Bikes(bikeId, bikeName, bikeImage, bikeDescription, bikePrice, bikeWeight, framesetId, wheelsetId, groopsetId, equipmentId, typeOfBikeId)
VALUES(12, 'Trek 2023 Boone 6', 'https://ukrbike.com.ua/assets/cache/images/2022/boone6disc_22_35337_b_portrait-1000x-e54.jpg',
'Boone 6 Disc — карбоновий велокросовий велосипед, створений для подолання будь-якої траси CX — навіть найлегендарнішої на трасі UCI. Витончена легка вуглецева рама оснащена задньою системою IsoSpeed для згладжування рельєфу та оснащена деталями, які працюють у будь-яких умовах, як-от міцна трансмісія GRX, вібропоглинаюче кермо та потужні дискові гальма, які забезпечують зупинку на вибоїстій та брудній місцевості.',
150000, 8.30,	55,			53,			57,			84,			 7)
--				framesetId, wheelsetId, groopsetId, equipmentId, typeOfBikeId

INSERT INTO dbo.Bikes(bikeId, bikeName, bikeImage, bikeDescription, bikePrice, bikeWeight, framesetId, wheelsetId, groopsetId, equipmentId, typeOfBikeId)
VALUES(13, 'Trek 2023 520 Disc', 'https://ukrbike.com.ua/assets/cache/images/2020/520disc_19_24000_a_portrait-1000x-e54.jpg',
'Туристичний велосипед Trek 520 створений для відкритих доріг. Це найстаріша модель у лінійці Trek, і вона створена, щоб перевозити вас і ваше спорядження під час найтриваліших подорожей. Кріплення багажника та бризковика, 27-швидкісна трансмісія широкого діапазону, яка чудово підходить для перевезення важкого вантажу на пагорби, і стабільна геометрія подорожей роблять його ідеальним вибором для завантажених багатоденних поїздок і комфортних пригод протягом усього дня. Цей комфортабельний робочий будинок здатний виконувати будь-які завдання: від щоденних поїздок до експедиційних турів і оснащений колесами Bontrager Tubeless Ready, стійкими до проколів шинами зі світловідбиваючими боковинами та всепогодними механічними дисковими гальмами в стандартній комплектації, щоб ви могли дістатися будь-де, де хочется бути!',
70000, 14.24,	56,			54,			58,			85,			 8)
--				framesetId, wheelsetId, groopsetId, equipmentId, typeOfBikeId

INSERT INTO dbo.Bikes(bikeId, bikeName, bikeImage, bikeDescription, bikePrice, bikeWeight, framesetId, wheelsetId, groopsetId, equipmentId, typeOfBikeId)
VALUES(14, 'Trek Dual Sport 1 Gen 5', 'https://ukrbike.com.ua/assets/cache/images/2023/dualsport1_23_36824_a_portrait-1000x-e54.jpg',
'Оновлене покоління універсального гібриду, який відмінно підходить для різних ландшафтів. Має жорстку сталеву вилку та можливість встановлення покришок шириною до 2 дюймів.',
27400, 13.88,	58,			57,			61,			88,			 9)
--				framesetId, wheelsetId, groopsetId, equipmentId, typeOfBikeId

SET IDENTITY_INSERT dbo.Bikes OFF;

